-4.3070002,2.6830001,8.7629995,6.223,10.333,4.573,1.2130001,10.503,3.9430001,.42300001,4.1729999,2.4130001,7.2529998,4.6630001,5.553,10.403,8.7530003,13.243,19.443001,12.413,4.6329999,4.263,10.913,5.8429999,-2.767,5.013,11.183,1.993,6.4530001,.63300002,1.293,1.763,6.8330002,8.6730003,5.973,.76300001,1.613,2.3729999,12.683,3.5929999,5.803,9.5830002,2.523,1.853,-6.5170002,4.3829999,-3.767
8.4860001,1.3559999,5.2360001,.56599998,-.43399999,-13.734,-3.8740001,4.526,-.014,4.7859998,-6.2839999,-.60399997,-.244,12.586,3.9560001,-1.044,6.2659998,-2.2639999,5.1859999,5.7859998,-6.8740001,6.2059999,4.026,2.6359999,-15.274,-2.444,15.386,-6.6939998,6.2059999,3.1760001,4.276,-12.424,7.2259998,.056000002,-4.974,.866,-1.984,-1.724,7.5359998,2.556,10.136,3.1459999,-4.954,-2.2839999,-8.8640003,-.083999999,2.4960001
1.008,1.168,.588,6.658,4.178,-.30199999,4.618,.148,4.0380001,5.3779998,3.4679999,2.198,4.3179998,6.2379999,7.3080001,-1.232,4.8179998,5.198,7.348,3.388,13.428,11.558,14.498,9.9280005,7.6479998,22.608,10.148,5.2480001,3.628,5.8179998,-5.4120002,12.098,3.5880001,-6.9720001,1.9680001,1.278,6.0079999,-2.312,-2.822,-.71200001,4.2779999,.23800001,-.84200001,1.408,3.388,3.7479999,12.008
9.2709999,.271,.63099998,-.018999999,-9.3290005,-2.1589999,-6.6690001,5.9109998,-.31900001,2.641,9.3009996,8.3509998,2.931,-.39899999,7.2509999,-.389,-1.219,-10.139,.32100001,-.259,3.211,-1.059,.071000002,-.73900002,-6.9889998,10.271,-4.3390002,1.941,4.6110001,1.951,-.889,7.2709999,-1.689,-5.9590001,5.941,9.0109997,-5.4289999,-1.719,-2.4389999,3.3010001,4.921,5.6409998,-5.869,.34099999,-2.6989999,-3.099,7.4710002
19.448,2.678,8.4680004,13.158,3.4979999,19.188,10.998,10.768,6.368,12.858,7.0180001,8.0679998,2.4579999,10.128,10.358,7.888,6.618,6.9380002,12.878,6.7880001,12.958,2.7079999,7.848,3.918,16.077999,-2.7520001,14.618,2.2279999,-7.0320001,2.848,-1.512,10.528,13.938,10.088,3.368,7.4180002,4.138,8.1079998,5.5479999,8.3979998,2.168,11.588,1.768,3.888,6.8779998,2.378,9.5679998
-13.277,-4.1170001,.403,-.38699999,-.49700001,-1.647,-12.187,.59299999,-1.197,-5.0770001,-4.3969998,-4.5869999,-4.3569999,-13.007,-1.527,-6.2470002,-8.3769999,-3.6070001,-11.477,-4.8569999,-3.0669999,-5.4169998,1.823,-8.1870003,-12.617,-14.157,-8.217,-11.567,-1.017,-4.987,-.086999997,-9.717,-8.5570002,-1.477,.87300003,-1.187,-6.177,-4.7670002,-7.177,-6.0970001,.082999997,-8.0970001,-4.277,-8.0570002,-11.387,-5.0570002,-8.6169996
14.58,2.0999999,2.4100001,2.1400001,7.3200002,28.41,9.04,13.3,15.67,9.1400003,23.950001,9.96,4.6199999,10.95,12.93,4.4200001,12.89,7.0500002,10.46,10.99,15.24,8.2600002,23.110001,9.5100002,19.09,3.8,12.08,4.6399999,6.8000002,2.3900001,1.17,14.33,8.8699999,11.75,17.23,22.379999,3.5999999,7.5,13.04,16.52,-1.84,9.7799997,5.3699999,-2.5799999,9.8299999,6.4200001,11.88
23.075001,-.185,6.2750001,5.1750002,-2.405,27.145,21.065001,16.775,8.6350002,7.6950002,6.625,10.095,2.3050001,12.505,13.305,5.3649998,35.384998,7.605,11.315,11.305,12.365,1.505,19.865,14.165,6.5650001,-.19499999,17.105,13.715,1.535,-1.285,-8.3549995,24.235001,11.445,.89499998,12.435,14.115,3.2650001,9.8649998,14.095,10.735,1.355,10.255,-4.1550002,10.785,10.235,7.5050001,12.385
10.829,-4.8610001,-2.3110001,-6.921,-3.7609999,26.579,.83899999,3.7390001,3.029,3.0190001,5.1690001,-2.211,-8.3509998,21.409,3.029,-1.521,1.099,-.861,-16.281,-.551,5.2290001,-7.691,9.3690004,-5.7010002,-4.9510002,10.999,16.409,.34900001,-5.961,-8.5509996,-6.7709999,1.819,2.279,4.2389998,4.4790001,9.4390001,1.469,-1.691,8.2390003,2.829,-10.881,3.8889999,-11.291,-7.921,7.9889998,-2.7609999,.37900001
-3.424,-7.6040001,-13.874,-1.0140001,-8.0439997,-15.224,-8.3339996,2.4260001,-.49399999,-8.3240004,2.9660001,-6.454,-9.3640003,-13.444,-11.154,-7.1240001,-13.334,-8.2840004,-.164,-6.954,-8.5640001,-10.894,-2.954,-4.3540001,3.6459999,11.396,-9.1940002,-11.564,-3.8940001,-4.5440001,-2.164,-10.864,-10.354,2.266,-1.824,-5.6539998,-11.484,5.2459998,-2.664,.57599998,-3.7639999,1.776,-4.6539998,-4.0939999,-8.6940002,-7.6339998,-9.8540001
-14.003,-10.273,-2.6229999,-15.573,-6.763,-20.632999,-12.793,-8.6129999,-14.373,-15.803,-15.323,-11.653,-19.122999,-19.343,-23.503,-15.453,-17.683001,-15.153,-8.8830004,-18.343,-15.573,-7.533,-19.403,-20.813,-19.743,-11.393,-19.023001,10.827,-3.513,-6.1030002,-7.263,-25.853001,-16.743,-10.663,-8.8929996,-10.613,-10.863,-.833,-19.403,-18.023001,-10.683,-23.903,-14.243,.67699999,-17.663,-16.273001,-13.253
5.2389998,6.7490001,15.189,13.029,.028999999,-17.580999,18.108999,10.189,8.8190002,-.45100001,12.059,9.9289999,1.289,8.2089996,-7.3709998,6.4790001,13.579,8.6389999,8.9989996,3.609,6.4190001,-8.8310003,14.649,3.6589999,19.129,-1.961,11.639,10.539,5.1789999,9.0690002,7.9089999,11.089,7.079,13.599,5.119,8.4490004,3.079,-1.431,9.7390003,9.7989998,-7.191,2.819,18.129,13.429,1.979,14.779,2.2290001
-4.1370001,9.3529997,13.803,19.823,15.683,13.833,26.382999,23.073,13.253,17.093,24.563,12.653,13.193,26.443001,17.273001,23.233,35.463001,15.043,26.613001,20.283001,23.023001,15.983,18.753,17.632999,7.763,7.3629999,14.993,18.233,5.7030001,1.413,10.103,19.323,20.452999,20.093,18.183001,26.292999,14.103,15.923,13.633,29.473,14.393,33.493,8.8129997,-5.947,21.743,15.343,18.413
9.4659996,2.796,13.086,3.9560001,1.186,8.9960003,19.336,-4.9239998,-.28400001,6.8860002,4.5960002,3.296,-1.324,19.336,3.056,1.476,9.7360001,1.896,12.506,4.9660001,7.8460002,2.6159999,16.705999,5.566,4.256,16.466,11.396,10.936,.57599998,-4.5640001,-3.6140001,20.576,8.1960001,11.146,2.1559999,11.126,.88599998,-5.724,-1.604,12.406,6.2459998,21.766001,-6.474,-.954,17.125999,6.4860001,5.6659999
8.7480001,8.0679998,-1.212,.86799997,.56800002,12.398,11.558,5.3179998,8.2779999,16.708,10.118,5.6880002,8.3780003,14.898,19.568001,12.238,12.748,7.6079998,3.4579999,9.2980003,15.798,12.548,-3.6819999,-2.2019999,1.418,1.5880001,17.198,7.7379999,8.4779997,.50800002,-7.5320001,17.228001,13.498,12.048,7.448,7.3979998,.138,6.638,-.041999999,13.108,7.3280001,9.3479996,13.188,-.57200003,9.698,14.128,26.128
-2.256,-2.6359999,3.654,-5.2059999,4.0440001,-6.9959998,9.2340002,-5.9660001,4.3140001,9.684,6.5139999,-4.9260001,-4.8060002,7.1240001,-2.6960001,-2.9660001,8.6339998,-7.026,-3.556,-3.6059999,2.3239999,-1.846,2.0239999,.89399999,-9.7460003,18.914,-3.586,2.214,1.824,-.30599999,-4.4159999,21.214001,15.604,12.294,-3.086,-4.2259998,1.3839999,.94400001,-8.7360001,10.904,2.7939999,24.034,-5.336,-3.566,15.374,6.4840002,12.224
-20.664,-5.3039999,.336,-1.0140001,-.99400002,-2.474,-8.6639996,-7.1240001,-11.254,-3.0739999,-11.524,-12.024,-11.064,-11.394,-1.864,-3.994,-12.104,-10.904,-11.924,-11.934,-15.754,-8.9239998,-16.464001,-4.4640002,-8.2539997,12.186,-8.9139996,-1.824,-3.964,-6.494,-1.8940001,-18.454,-9.934,-7.3039999,-15.864,-13.754,-7.5040002,-8.0939999,-13.524,-12.044,3.566,-9.1940002,7.8060002,-4.9439998,.43599999,-6.6040001,-12.054
5.9250002,15.795,12.905,10.285,8.9350004,12.705,22.605,17.215,9.5249996,23.344999,13.405,16.195,6.5149999,21.325001,14.005,16.525,33.705002,11.575,13.475,14.055,13.155,10.505,5.7550001,24.475,12.375,13.235,7.7550001,22.495001,7.3049998,9.835,4.4349999,40.705002,16.905001,14.065,8.085,11.955,15.205,18.235001,17.065001,22.785,13.455,29.334999,20.955,37.345001,32.505001,20.385,26.495001
7.6950002,1.795,-3.2650001,11.905,-.27500001,7.0349998,18.295,-3.2750001,-2.625,3.9349999,-7.2950001,-3.2550001,7.2150002,-.80500001,10.445,12.145,2.9349999,.96499997,-11.705,3.7349999,1.005,4.7449999,-5.9749999,2.0650001,16.115,-6.0050001,-5.6550002,2.2750001,8.7349997,-1.765,2.845,12.185,2.0550001,-5.415,.26499999,4.8649998,10.635,.79500002,5.335,-1.385,3.355,5.7649999,13.375,22.395,21.565001,6.7150002,10.875
9.3909998,3.941,1.9910001,-1.739,13.441,-.29899999,1.501,-2.819,-.84899998,4.2010002,11.861,4.2810001,2.901,4.671,2.451,1.6210001,-2.819,7.7709999,1.851,2.7409999,-1.809,-3.4890001,.68099999,12.271,7.3709998,12.201,9.5410004,2.961,4.2909999,4.711,.35100001,-4.349,2.4809999,-5.5890002,.081,5.1409998,5.0910001,4.7709999,2.5309999,11.961,-1.449,15.741,-3.839,-2.2490001,14.811,6.7509999,10.121
.704,-8.3959999,-2.6159999,-5.2459998,-9.2159996,-8.0760002,-13.876,-9.6059999,-3.846,-11.636,2.444,-4.8660002,-8.8559999,-16.615999,-17.236,-4.0960002,-9.6260004,-4.6360002,-11.096,-5.2659998,-3.9560001,-.47600001,-13.666,-10.096,-10.556,-2.316,-15.536,-13.636,-.24600001,-5.6560001,-3.9960001,-20.216,-5.066,-.87599999,-12.006,-6.8759999,5.9239998,-2.546,-9.8660002,-14.166,.53399998,-12.026,-3.796,-22.195999,-4.0359998,-6.6960001,-5.0760002
-17.072001,-3.582,-3.872,-5.6420002,-7.1820002,-9.1120005,-18.771999,-11.452,2.0480001,-13.922,-1.092,.208,-10.932,-10.452,-11.732,-12.322,-13.512,-14.252,-25.242001,-12.102,-8.9320002,-6.8920002,-22.242001,-18.761999,-17.962,-5.592,-14.172,-22.622,-8.1120005,-5.9920001,3.148,-24.562,-10.192,5.138,-8.6719999,-7.8520002,-9.8920002,-4.2519999,-15.082,-21.052,-1.012,-1.1720001,-8.7819996,-8.7419996,-1.372,-12.842,-18.851999
-4.0190001,-4.8590002,5.5209999,1.831,1.7410001,-1.0190001,.041000001,-4.4089999,-.71899998,-14.409,13.581,5.151,-8.2790003,-7.849,-6.789,-3.859,-5.0489998,-8.8590002,-11.839,-7.9790001,-7.4590001,-7.559,-17.079,-1.0190001,-13.919,-8.3290005,-3.0090001,8.5710001,-15.279,-10.199,-8.5389996,-6.6890001,2.4909999,1.081,-1.079,.91100001,-2.789,2.5109999,-10.659,-5.2589998,-2.7590001,-3.7690001,.54100001,3.461,-4.9390001,-4.9489999,-15.039
12.411,3.3410001,3.881,5.9710002,8.0810003,-10.809,4.5209999,-1.6390001,3.131,-4.579,15.621,10.361,-5.5289998,-6.6090002,-4.9889998,.62099999,-10.599,.34099999,10.201,-3.1489999,2.0109999,-4.1389999,-11.539,-4.7389998,-3.779,-25.649,1.561,17.711,-10.559,.29100001,-2.599,5.9109998,6.0609999,2.1110001,-1.229,5.6110001,.96100003,-2.9289999,-13.239,-1.1289999,-2.4890001,-.289,-.91900003,-3.799,-7.4590001,-1.5089999,-14.339
-4.664,.78600001,-1.6440001,3.036,-6.6440001,-6.6539998,-1.804,-15.884,-9.4239998,-4.4239998,-13.744,-7.1739998,-4.0640001,-1.404,-.36399999,-2.964,-13.894,3.026,-.354,.456,2.4560001,.96600002,-14.384,5.6360002,-9.7539997,-1.824,1.646,11.046,-8.9840002,4.9660001,5.776,-43.104,-12.514,-10.244,-10.374,-15.554,-4.7740002,-6.1339998,-2.6040001,-11.504,-2.7939999,-16.104,3.1760001,-1.064,-12.554,-4.934,-11.134
-31.533001,-21.533001,-15.053,-19.723,6.277,-42.993,-42.643002,-46.143002,-22.573,-34.103001,-24.413,-18.382999,-9.823,-38.342999,-22.253,-26.483,-48.112999,-27.302999,-51.073002,-27.292999,-17.343,-19.393,-39.263,-23.523001,-32.283001,-15.603,-20.382999,-12.173,-10.433,-20.113001,-23.033001,-63.272999,-42.803001,-34.893002,-46.162998,-53.873001,-21.063,-28.413,-36.873001,-43.073002,-25.083,-43.393002,-18.073,-29.583,-38.752998,-37.932999,-62.893002
11.352,9.2819996,6.652,6.8920002,3.382,27.632,21.082001,24.652,13.612,25.091999,11.242,10.052,10.812,16.502001,18.771999,18.742001,28.222,6.2319999,32.472,13.762,9.4119997,17.452,23.612,12.722,25.572001,24.402,10.692,24.462,20.382,10.962,10.062,33.132,20.382,17.052,23.332001,25.812,13.152,12.772,23.722,24.872,21.322001,23.681999,10.012,18.862,28.652,24.572001,19.261999
-5.5700002,11.76,11.89,1.08,21.17,5.9400001,8.8800001,11.21,8.96,10.74,2.98,8.3400002,8.5,2.0999999,12.14,6.0700002,-2.3599999,2.8199999,5.3099999,10.04,6.0500002,10.03,-4.5900002,10.85,9.3299999,-6.1500001,-1.11,19.940001,8.6999998,13.86,7.7199998,-7.71,2.6400001,4.1500001,3.9200001,-.44,-1.58,7.5900002,7.6199999,.56,10.09,6.3800001,6.1900001,6.3400002,5.8499999,6.27,-19.799999
15.008,6.1479998,12.298,7.7979999,18.898001,23.978001,31.468,14.618,11.988,21.087999,21.278,5.4980001,10.788,15.138,10.658,5.4580002,19.327999,7.1680002,21.548,11.228,15.328,3.648,25.478001,12.818,17.618,16.538,13.978,15.188,6.7779999,1.698,3.8080001,15.448,19.648001,13.278,20.308001,15.288,8.2279997,12.418,19.677999,23.218,16.268,21.188,10.028,15.538,19.978001,14.068,35.257999
-4.2069998,-1.9170001,5.823,-.107,-6.8870001,8.533,2.6530001,-1.567,5.243,-3.8870001,10.343,1.373,4.283,-6.5669999,-11.197,-4.5970001,-.13699999,-6.6370001,11.873,-.42699999,6.5630002,1.123,-.447,4.6830001,-1.607,-2.8369999,.052999999,-.317,-.447,-4.0570002,-4.257,-9.7469997,-2.6370001,-9.5769997,-1.777,-2.6670001,-3.7969999,-1.067,4.2729998,-.017000001,2.483,6.9629998,-12.237,5.0929999,.86299998,-1.867,-22.767
-13.538,-1.788,5.8720002,-3.628,-.79799998,-6.7179999,-5.1680002,1.652,1.142,-1.678,-3.2980001,1.722,2.5420001,-2.408,1.602,4.6020002,-1.028,-7.8379998,-1.738,2.122,2.2520001,5.5320001,-7.4780002,6.592,.84200001,-8.5780001,-12.528,-16.848,-5.8979998,-7.2179999,-4.8579998,.142,-7.2080002,-5.7979999,-8.0880003,3.2620001,-9.6479998,-2.888,7.7220001,-3.2980001,2.6619999,-3.7079999,3.2320001,3.5020001,2.5020001,3.4219999,-20.218
-1.559,2.911,9.6610003,13.331,-.028999999,3.661,13.291,3.8010001,4.7210002,3.0510001,5.5209999,4.691,-2.569,6.1609998,-1.239,-2.599,-5.0289998,-.91900003,-5.3590002,.34099999,1.261,-1.249,5.8509998,-3.8889999,3.5409999,-15.269,-6.2989998,2.0710001,3.2409999,7.5809999,4.8309999,9.6409998,5.1009998,9.441,4.691,-5.619,4.151,3.8510001,6.4910002,6.0009999,5.1810002,9.0609999,8.7709999,-3.299,-5.1789999,3.7309999,12.051
23.622,2.7019999,4.2420001,6.1220002,16.112,13.642,17.612,4.0320001,12.932,4.1919999,13.282,8.1820002,8.6619997,15.842,7.7420001,4.5320001,9.0620003,10.552,3.9219999,7.7820001,8.0319996,6.9320002,19.032,-8.2480001,11.022,17.341999,12.792,-8.4180002,-3.5480001,-3.7679999,.102,-4.3979998,6.7719998,11.732,5.322,15.732,.80199999,7.1420002,8.552,12.042,6.0619998,17.322001,4.2119999,3.7620001,12.312,6.5120001,27.972
-1.704,-2.194,4.6960001,12.476,7.506,.25600001,8.9960003,.28600001,4.5359998,-11.654,6.796,6.4759998,-1.314,-.074000001,-4.744,-4.9640002,-9.1440001,-7.5939999,-10.504,4.4159999,5.6760001,-9.0240002,-4.204,-8.2939997,-9.5039997,1.406,1.3660001,-19.214001,1.286,-5.494,-3.494,-19.243999,-5.6739998,2.7260001,-4.5739999,7.7259998,.51599997,.58600003,-7.0739999,-1.834,-5.0240002,5.4359999,-1.944,-7.3340001,-10.484,-2.6240001,-25.454
-6.6760001,-1.466,2.8640001,2.0039999,-16.656,-11.456,-7.8860002,-7.4359999,1.174,-8.3360004,-.53600001,4.0440001,1.484,-4.9559999,-10.006,-5.586,-3.6559999,-.66600001,-6.0960002,2.204,-6.4359999,1.194,2.1340001,1.284,7.1240001,-5.4860001,-4.046,-17.466,10.004,5.1440001,9.1540003,-14.176,-5.796,3.214,.054000001,-5.2659998,-5.0159998,3.0239999,-10.766,-7.4260001,-3.586,-10.796,11.424,-2.6860001,-20.266001,1.464,-12.196
3.2739999,11.304,4.3540001,-1.096,4.3740001,5.3140001,15.224,2.6340001,5.7340002,4.244,.72399998,4.8439999,5.8639998,-5.2059999,7.454,3.8239999,5.0139999,3.8440001,3.6440001,3.704,4.4439998,4.6240001,.83399999,2.0439999,.92400002,2.0339999,6.7540002,5.9039998,9.0939999,10.114,9.5740004,-.366,.84399998,-1.816,5.3340001,6.7639999,15.554,4.8140001,3.5439999,1.824,6.9039998,13.104,.093999997,7.6440001,-4.506,9.0340004,6.204
-6.5209999,-10.591,-6.711,-3.7809999,-1.021,-35.201,-25.711,-17.351,-7.4510002,-23.160999,-10.861,.70899999,-3.3610001,-9.4510002,-17.391001,-18.441,-20.341,-.23100001,-11.511,-13.441,-13.391,-16.121,-17.291,-4.691,-8.1210003,10.879,4.3889999,13.559,-.861,-9.8710003,-7.5310001,-29.561001,-17.801001,3.289,-21.910999,-12.411,-10.891,-5.5809999,-14.941,-21.061001,-17.561001,-19.320999,-12.821,-16.141001,-23.820999,-17.631001,-18.291
-9.8199997,-14.4,-1.6799999,-7.9499998,-8.6800003,-27,-25.299999,-23.35,-5.6199999,-30.75,-13.33,-3.5,-7.4400001,-17.209999,-19.4,-10.7,-20.01,-10.31,-17.889999,-12.04,-6.79,-13.46,-29,4.46,-15.12,11.68,-4.8200002,-22.879999,-4.0799999,-4.2800002,-1.63,-34.849998,-23.280001,-8.8599997,-15.2,-13.73,-7.4099998,-3.9300001,-26.08,-22.27,-16.459999,-34.400002,-6.3299999,-10,-24.51,-13.81,-33.939999
30.506001,11.176,3.4159999,.89600003,-2.5439999,24.996,3.8559999,12.176,-2.724,11.716,8.1059999,-3.7939999,13.266,12.536,9.6260004,16.726,25.466,15.576,13.836,20.826,10.696,7.7160001,14.726,19.586,11.326,-6.2540002,21.576,9.7159996,3.4860001,1.196,1.296,18.976,20.285999,-13.754,20.996,20.125999,24.625999,7.0960002,13.076,20.756001,9.3559999,23.436001,12.196,14.906,7.066,9.8660002,7.506
-18.190001,-16.790001,-19.790001,-12.64,-7.7199998,-39.509998,-43.119999,-28.42,-17.67,-46.099998,-10.25,-12.27,-12.42,-33.25,-30.82,-21.120001,-11.36,1.12,1.98,-11.04,-25.27,-36.099998,-33.639999,15.34,-21.440001,32.400002,2.6300001,8.4300003,5.75,-14.06,-4.3299999,-37.330002,-23.549999,-8.8999996,-24.16,-17.09,-5.4000001,-17.18,-9.4099998,-24.5,-25.059999,-38.439999,-13.75,-12.69,-45.580002,-13.96,-16.360001
12.699,4.309,-13.231,-5.9910002,-2.391,10.469,11.089,-1.691,-7.4710002,8.599,-4.0209999,-3.7409999,4.309,6.5089998,12.179,8.8290005,-4.441,4.4790001,-6.4710002,-8.5909996,-6.171,9.5489998,12.519,-11.521,19.079,15.689,-5.9809999,14.879,-13.941,-.62099999,.42899999,4.5089998,-3.8710001,-3.8710001,-3.421,3.6389999,-.58099997,-.79100001,1.339,7.9289999,2.799,-.71100003,-4.0209999,-10.001,9.4689999,-3.5610001,-4.5409999
-29.483999,-10.504,-4.2740002,-13.364,.296,-15.584,-13.044,-8.2340002,-5.4239998,-17.044001,-2.714,-5.3439999,-.454,-7.244,-11.854,-19.874001,-20.054001,-7.934,-25.114,-11.414,-20.334,-5.204,-8.0240002,-20.184,-4.494,-18.914,-14.144,-13.034,-16.274,-26.313999,-8.5939999,-31.584,-24.034,-11.304,-14.654,-12.844,-11.784,-3.5239999,-12.144,-11.964,-3.744,-14.384,-29.674,-24.653999,-41.363998,-24.204,-21.483999
-13.058,-29.538,-68.348,-50.228001,-23.628,-32.958,-45.638,-28.507999,-46.858002,-21.098,-42.568001,-40.807999,-27.878,-33.627998,-19.388,-31.497999,-29.837999,-14.328,-30.007999,-31.528,-34.228001,-27.408001,-21.938,-38.147999,-12.808,-15.448,-19.988001,-17.558001,-19.268,-11.358,-13.438,-22.128,-28.167999,-32.618,-33.498001,-38.688,-25.098,-34.568001,-28.068001,-26.788,-42.618,-45.007999,-29.218,-29.667999,-30.518,-27.257999,-31.388
10.081,17.211,9.8909998,-3.4890001,22.531,-13.389,6.7410002,-6.8189998,4.651,-12.799,9.6309996,23.891001,1.561,-.73900002,-13.489,1.6210001,1.9910001,3.0710001,14.731,12.581,3.941,-9.8190002,.20100001,7.0310001,-10.099,1.531,8.2709999,43.451,14.191,10.021,7.5209999,21.150999,3.6110001,4.2909999,-.359,-.74900001,1.2410001,-.26899999,3.5109999,8.1009998,-1.829,.52100003,13.771,22.000999,-22.278999,10.051,10.481
9.6309996,21.801001,42.640999,37.331001,6.881,42.070999,66.191002,40.061001,29.761,47.780998,18.240999,13.571,23.441,30.181,28.851,34.730999,31.820999,27.971001,22.650999,23.111,32.601002,27.070999,36.851002,18.580999,20.410999,23.631001,26.570999,30.871,4.9910002,15.761,13.491,24.000999,31.451,23.681,33.631001,43.870998,24.990999,13.301,24.791,28.691,37.611,51.491001,19.330999,15.541,52.980999,16.141001,20.171
16.65,11.61,12.46,3.6199999,10.64,14.25,18.959999,13.63,11.2,16.17,7.48,6.54,18.68,17.18,18.24,12.36,24.200001,9.1899996,17.02,14.75,21.67,15.24,31.67,10.64,20.870001,9.5,21.27,38.259998,23.530001,15.7,5.4400001,10.9,15.17,6.6799998,26.959999,21.219999,13.34,18.959999,6.8400002,13.17,11.8,23.360001,14.1,12.42,.81999999,12.17,14.39
-19.252001,-8.0120001,-21.242001,-16.152,-11.172,-17.372,-7.1719999,-15.972,-17.892,-9.0719995,-21.002001,-24.672001,-12.782,-10.122,-7.5819998,-14.462,-19.021999,-9.7019997,-15.612,-11.502,-21.132,-3.592,-11.482,-19.782,-19.552,-30.332001,-15.552,-6.0219998,-7.6719999,-8.5019999,-10.442,-8.3120003,-20.892,-13.012,-15.702,-21.042,-2.9119999,-19.431999,-10.752,-9.5019999,-12.852,-16.252001,-28.202,-21.282,-29.402,-19.152,-17.351999
5.9359999,11.616,16.056,2.9360001,10.466,1.636,-.96399999,9.1759996,8.3660002,17.906,9.6059999,6.9559999,7.2360001,5.0760002,10.506,9.3859997,-5.4640002,-.36399999,-13.354,3.1059999,.64600003,13.266,-3.8039999,.186,9.1660004,-7.6440001,-4.0040002,-11.414,-4.0840001,9.4460001,9.3459997,2.036,4.9359999,13.836,5.9260001,-.74400002,10.116,9.2959995,10.456,3.9560001,9.4259996,16.966,7.776,9.4359999,-.824,7.9460001,4.1259999
6.645,1.615,7.9949999,15.905,6.0549998,23.785,17.584999,14.295,11.785,29.295,5.6149998,6.0749998,16.334999,24.795,22.635,24.825001,16.115,23.575001,24.605,21.254999,17.674999,21.025,26.895,23.165001,23.885,11.235,20.065001,16.135,10.805,4.7550001,12.085,12.105,15.735,18.225,24.905001,23.645,24.004999,15.205,16.955,21.915001,15.145,15.355,15.295,11.195,34.794998,17.295,14.445
-4.8899999,5.25,-2.29,-5.3099999,-7.5999999,7.48,-6.4400001,-2.6800001,-2.29,-10.98,-5.4400001,-4.5500002,-3.9300001,1.62,-10.81,-2.1500001,-.67000002,5.4400001,15.33,7.5,4.7199998,.52999997,17.26,-1.08,13.9,-2.78,6.6900001,25.200001,11.14,2.1500001,1.22,3.4200001,1.47,4.52,3.8699999,.63999999,.44999999,-6.8099999,5.98,.62,-12.19,-8.7600002,2.23,-2.04,-6.3200002,.23999999,.47999999
-1.071,.169,2.9489999,-4.651,11.759,-5.4710002,-12.411,4.7789998,-4.4510002,-4.0409999,4.6789999,4.079,-6.2210002,-4.0710001,-6.0110002,-1.751,-2.3710001,-5.7509999,-6.6409998,-5.5710001,.29899999,4.0489998,-1.3609999,1.109,-.91100001,-11.511,-5.1609998,-9.6309996,3.369,8.4189997,6.2189999,2.9690001,-2.5610001,-.84100002,.079000004,-12.731,-5.3309999,7.6490002,-5.5110002,-5.4710002,2.1589999,-10.111,-4.8010001,10.989,3.0090001,-.101,-.79100001
7.7480001,-.061999999,-12.292,-16.312,.068000004,-2.152,10.128,8.7180004,-10.282,12.218,-20.841999,-18.681999,-4.9819999,8.6780005,7.658,5.868,-.061999999,-4.0219998,-.792,-2.2219999,-7.132,3.878,-1.242,4.7179999,11.428,10.248,-.76200002,.18799999,3.5880001,7.9879999,6.4879999,8.2980003,6.928,-4.3920002,-3.9820001,-9.1020002,-4.8319998,-12.842,.648,3.138,-2.322,-7.7820001,5.098,1.788,8.7779999,5.928,3.628
.72000003,-3.05,-2.51,-5.25,-2.0999999,-10.37,-6.0799999,-4.0100002,-6.8899999,-4.29,-6.3899999,-8.71,-2.71,-6.3000002,-4.96,.61000001,5.8899999,-3.4694470e-17,6.3600001,6.1100001,6.8200002,-7.1100001,.16,3.47,4.8499999,9.79,-2.5599999,.029999999,-3.71,-2.4000001,-.46000001,-8.9200001,-1.01,-7.5500002,.64999998,-2.9100001,2.6700001,-.52999997,1.04,-4.5,-9.7299995,-7.9099998,-4.0900002,4.29,2.3599999,-.75,-.33000001
2.0380001,4.8779998,5.3579998,-5.882,4.5079999,-.53200001,8.4280005,7.0580001,-.071999997,-.972,3.4579999,3.108,-8.0620003,3.9979999,-1.7819999,-4.0619998,2.5780001,-14.822,2.7479999,-5.0819998,2.2780001,.398,9.2279997,-2.7720001,7.368,-1.072,-18.152,-11.892,2.878,6.9180002,1.318,15.638,9.3179998,5.118,3.2980001,9.0679998,-8.8920002,-.322,.12800001,-.65200001,1.008,12.088,3.188,6.448,5.1880002,4.4980001,4.3979998
-11.141,-7.0110002,-.71100003,-2.471,-2.2909999,-16.311001,-3.5309999,-1.6210001,-6.3610001,.028999999,6.0289998,-1.9910001,-7.8610001,-5.4710002,-6.4310002,-6.0009999,-6.461,-12.431,2.549,-7.381,-5.9910002,-4.171,-11.281,-7.381,-17.330999,-1.181,-14.121,-8.5209999,-10.151,-5.8309999,-5.3210001,-1.581,-5.0809999,-4.7509999,-9.0509996,-6.3210001,-9.8610001,-5.3210001,-10.751,-5.171,-.64099997,2.8789999,-8.7309999,-6.191,-7.8509998,-7.0110002,-4.3010001
3.71,-4.0999999,-2.3800001,1.28,-6.8600001,1.33,2.4100001,.88,-7.0300002,1.78,-1.51,4.3400002,-3.6099999,3.0999999,3.1700001,-.75,-3.1800001,-.079999998,2.5899999,-.56,-.93000001,-6.8699999,1.64,-6.8899999,4.6999998,6.04,-2.2,-4.8499999,-3.1700001,-2.1800001,-1.36,4.8600001,2.1700001,2.71,-1.52,-1.4400001,-1.84,-2.49,5.77,2.5699999,-5.6999998,1.11,-3.99,-1.02,8.4099998,-1.2,2.48
9.7659998,4.8460002,14.096,6.1059999,11.486,13.896,21.436001,16.356001,10.766,14.446,9.066,7.9860001,7.9159999,15.226,7.2459998,13.276,17.166,9.2060003,10.166,12.276,10.866,13.396,24.916,14.206,16.666,-8.4440002,7.4260001,7.3260002,6.066,.70599997,8.0959997,12.856,15.356,3.4660001,14.356,14.206,8.9460001,8.5559998,10.986,13.786,9.9359999,19.906,12.456,15.916,20.625999,12.186,11.766
12.646,6.1059999,3.8859999,7.756,5.6560001,10.086,13.456,9.7860003,8.1459999,.27599999,8.7259998,14.066,1.716,9.7060003,4.5159998,8.0559998,1.3660001,3.4360001,7.3260002,8.4160004,13.116,-1.794,28.766001,16.296,17.455999,18.836,4.1259999,-3.184,-1.104,2.786,-2.0439999,13.696,11.556,8.3660002,7.086,10.636,8.1560001,12.526,11.906,7.0159998,.99599999,15.356,4.276,4.9159999,12.606,3.816,9.3660002
-19.403999,-8.8940001,-10.594,-16.294001,-6.724,-19.754,-18.493999,-11.844,-11.774,-14.134,-17.323999,-16.764,-7.2839999,-18.983999,-9.5539999,-13.454,-11.784,-12.504,-15.434,-13.164,-18.993999,-9.5340004,-21.554001,-19.924,-13.134,-9.684,-2.5739999,-21.143999,-2.8340001,-9.0139999,-1.654,-16.514,-19.364,-8.7440004,-15.674,-17.194,-8.3640003,-8.0039997,-20.924,-14.404,-12.454,-17.313999,-8.0340004,-12.324,-20.344,-8.1339998,-14.534
14.477,2.8670001,4.717,12.167,3.6070001,3.937,18.066999,9.5369997,5.6370001,12.557,7.027,7.8369999,5.7069998,9.927,8.5469999,8.0670004,8.9569998,12.257,7.7670002,9.9469995,7.2870002,3.8670001,15.687,9.7270002,15.117,.49700001,15.417,11.087,9.927,5.7470002,4.4970002,8.3570004,9.7270002,14.497,11.907,16.267,8.3669996,6.9770002,4.5570002,12.317,4.4169998,6.7969999,1.717,11.107,13.597,6.9770002,11.887
1.0039999,-3.1459999,-3.7360001,2.3640001,.574,-.97600001,-.81599998,-1.8660001,-2.1159999,4.5539999,-6.0159998,-.25600001,5.5739999,.80400002,4.914,3.0239999,9.5039997,3.5139999,-2.506,2.674,-2.1059999,1.244,-8.1859999,-.676,-1.536,8.7139997,7.6739998,14.664,7.9840002,-.83600003,-1.9960001,-.28600001,.954,2.5940001,1.424,6.5040002,6.6240001,-2.8859999,2.0639999,3.8139999,-.32600001,3.6140001,.054000001,5.5339999,8.934,1.944,4.684
9.9280005,-.36199999,-4.1620002,1.048,.0080000004,8.5780001,-4.6220002,-1.462,-3.332,-1.322,3.898,-.75199997,-3.4219999,11.098,1.378,1.598,13.108,-3.4719999,11.608,2.2379999,6.5079999,1.258,-5.132,4.5380001,2.9679999,11.388,7.0180001,10.608,8.4180002,1.238,-2.5220001,2.0780001,5.6880002,-6.112,2.2679999,-.052000001,-3.1719999,-2.612,1.918,-.57200003,-2.1819999,3.4779999,9.8380003,6.5580001,6.198,6.6880002,5.908
3.188,4.8179998,-.42199999,9.0579996,5.888,9.5279999,9.9280005,10.088,.91799998,6.9879999,3.898,5.5079999,11.268,4.3080001,.18799999,9.7180004,9.8380003,11.628,6.8779998,5.3280001,1.398,5.4879999,13.478,21.038,11.878,22.587999,13.188,1.538,13.188,-.36199999,-3.302,10.928,8.4680004,-3.5420001,5.7379999,10.908,3.358,-2.092,7.138,9.8879995,5.5279999,2.3180001,3.0780001,4.3379998,18.898001,5.5679998,4.368
8.9890003,-3.5810001,-8.7609997,-.421,3.1689999,-5.3610001,9.2390003,-2.161,-6.3109999,.199,2.079,3.059,.98900002,-8.401,-.671,-4.8610001,8.7889996,-6.0609999,7.2490001,-1.6109999,-.331,-16.791,8.2189999,12.989,8.9189997,24.188999,7.5289998,2.7390001,6.1690001,-2.1010001,-5.3410001,-3.911,1.649,-1.971,.23899999,5.2189999,-8.6709995,-6.5209999,-4.2309999,6.6690001,-7.1609998,-9.0609999,-7.9510002,-2.141,2.839,-5.1810002,.419
-23.448999,-14.769,-10.139,-9.2989998,-8.5790005,-6.1090002,-9.349,-17.819,-10.489,-7.4689999,-11.919,-11.759,-12.339,-13.889,-14.609,-13.379,-7.599,-6.3590002,-19.079,-11.359,-8.4090004,-10.299,-.56900001,-4.5689998,-12.949,-5.3189998,-4.7989998,-17.278999,4.5110002,-11.339,-8.7089996,-17.899,-15.049,-14.319,-9.2489996,-7.3390002,-11.409,-7.8189998,-12.709,-15.489,-16.778999,-19.649,-17.149,-16.219,-23.349001,-12.389,-14.759
17.264,17.563999,4.7740002,15.034,21.304001,2.2839999,9.3439999,12.074,9.2639999,5.8039999,10.434,7.434,12.134,7.7940001,11.974,13.124,20.733999,7.4239998,18.094,9.2539997,8.3839998,.44400001,-4.4559999,1.624,5.6440001,45.484001,10.184,21.464001,14.364,17.903999,8.8240004,15.484,18.524,4.8639998,9.7639999,4.3740001,10.284,8.5039997,10.424,15.194,13.854,20.614,17.054001,14.534,24.323999,16.844,18.694
20.166,1.846,3.006,9.3660002,3.2260001,24.716,7.316,17.775999,9.6660004,16.726,13.096,8.2659998,11.836,6.0760002,13.726,10.756,27.396,16.006001,18.375999,16.166,13.146,15.796,15.686,15.426,17.486,35.576,20.246,12.416,10.656,-2.994,3.796,18.705999,21.596001,15.146,22.625999,24.525999,9.5860004,7.2259998,15.646,23.686001,8.1960001,10.246,-1.944,5.1760001,15.096,10.206,18.716
9.0550003,-3.2750001,1.905,-6.415,4.395,6.0450001,13.075,.45500001,2.165,-.86500001,11.815,7.6950002,3.165,-2.4849999,-5.625,1.1950001,12.245,-2.845,9.415,8.1350002,6.1950002,-8.0550003,16.334999,15.355,17.975,-23.875,4.4549999,1.345,16.035,4.1750002,-5.6350002,-2.155,7.3249998,6.9749999,6.2350001,12.835,2.4549999,-1.575,9.8649998,-1.385,-3.925,-7.2249999,8.625,-5.855,4.8649998,9.0050001,13.575
-2.4130001,7.5370002,12.447,12.297,4.6069999,1.017,14.337,5.7470002,7.5869999,15.337,1.117,2.4170001,4.217,6.6269999,9.8070002,9.4169998,-9.573,18.597,1.177,-1.263,5.5570002,10.157,-10.913,-14.663,-7.763,-6.1929998,12.027,-7.0229998,-15.743,-4.0830002,5.5869999,9.5570002,5.3670001,-9.3730001,-1.033,-5.8130002,13.727,9.5369997,12.417,4.737,13.517,14.907,1.217,8.4069996,9.677,1.337,-2.513
5.6269999,-2.1930001,-.87300003,-3.483,.87699997,-2.9330001,-1.473,7.0469999,-5.6529999,-3.503,-3.6930001,-3.253,-4.8530002,1.767,7.0770001,-4.7129998,-19.212999,-11.523,-.54299998,-7.8530002,.046999998,-1.393,-5.783,-6.1230001,-10.803,-22.013,-9.8929996,-8.3830004,-10.463,-.93300003,7.757,4.677,-1.903,-7.9029999,-4.4330001,-2.4030001,-7.7329998,-6.223,-3.4230001,-5.2729998,2.017,1.687,5.0869999,3.1670001,-3.8829999,-.75300002,-1.493
-12.642,-13.122,-8.0620003,-11.072,-6.9320002,-15.372,-20.392,-14.422,-15.212,-11.672,-16.412001,-15.652,-23.382,-21.042,-15.922,-24.502001,-26.882,-20.882,-16.681999,-20.132,-19.191999,-20.382,-26.612,-33.122002,-22.431999,-2.652,-10.792,-16.302,-15.142,-7.3319998,-1.1720001,-16.612,-21.232,-16.681999,-20.212,-20.972,-21.802,-17.601999,-21.922001,-19.191999,-15.342,-23.351999,-13.762,-13.382,-22.972,-15.072,-21.962
9.2119999,8.3620005,5.802,6.152,.412,3.7620001,9.5419998,7.2319999,3.122,-4.098,12.132,7.6919999,4.3720002,3.592,4.152,1.712,1.112,.102,13.172,4.402,3.9619999,-5.7880001,1.982,5.632,-2.388,-19.167999,-2.2679999,9.5419998,6.7319999,5.1620002,4.152,7.112,9.552,4.1719999,4.5320001,-.59799999,4.652,7.3520002,6.4819999,4.0819998,1.772,5.5219998,2.1719999,5.9819999,7.2119999,7.3920002,5.6719999
-19.788,2.142,-3.7679999,2.642,-1.808,-5.7179999,4.7919998,-8.2279997,-.118,-7.5580001,-2.898,-4.7579999,-16.087999,-8.618,-4.6079998,-16.408001,-27.888,-21.798,-26.747999,-20.448,-6.0780001,-2.2079999,-12.108,-7.4679999,-13.798,-29.837999,-42.438,-29.808001,-26.068001,-1.898,-5.6680002,-6.6880002,-14.998,-5.8779998,-11.338,-9.5579996,-12.928,-6.158,-9.6680002,-8.4680004,3.2520001,1.492,-6.4879999,-.29800001,-11.218,-13.228,-12.388
-2.329,2.161,4.921,6.211,1.8710001,-3.1889999,-2.3989999,-4.039,-1.409,6.0009999,4.9710002,-.95899999,-7.6690001,-6.6290002,.58099997,-6.9990001,-13.299,-15.719,-20.278999,-16.868999,-2.029,5.8109999,-4.119,4.711,-2.4690001,-27.339001,-15.389,-15.799,-2.4189999,-2.079,-6.7989998,-8.1289997,-2.4890001,-3.9790001,-3.4590001,-1.609,-5.4089999,-3.7290001,-5.119,-3.2490001,3.631,.221,-9.1389999,-12.189,-7.4689999,-5.829,-4.599
.82599998,6.8660002,16.535999,14.656,9.6459999,10.676,-5.9840002,16.016001,11.916,17.785999,8.5159998,11.106,7.4559999,3.1459999,10.906,10.526,10.026,.66600001,-8.9540005,-1.774,8.2959995,7.8959999,21.496,11.186,27.056,47.366001,-3.464,-4.6440001,1.466,7.7459998,10.686,19.125999,13.106,15.656,8.7860003,13.566,6.0960002,13.526,.21600001,15.456,15.296,8.4460001,11.446,10.266,4.5960002,12.296,7.586
16.91,12.46,7.2199998,9.1700001,8.0500002,19.49,5.9400001,27.91,17.379999,20.809999,15.32,8.21,11.54,20.52,22.459999,30.370001,32.59,16.860001,15.8,18.950001,23.91,28.92,20.459999,2.0699999,14.85,50.290001,14.57,9.25,5.25,7.29,11.21,16.190001,25.299999,28.9,24.24,30.200001,20.34,16.860001,26.15,26.139999,23,14.35,18.76,15.01,33.400002,15.87,23.620001
10.658,4.4380002,2.5580001,14.998,4.5380001,10.708,6.7979999,11.498,7.0079999,18.247999,4.5879998,5.888,12.698,23.658001,15.938,11.538,10.218,13.148,5.678,5.7179999,7.7080002,.44800001,18.577999,19.757999,8.7279997,-2.6719999,7.1680002,-2.1819999,8.0880003,3.598,10.448,9.0179996,14.308,9.8479996,12.568,11.158,9.658,7.098,12.358,14.838,16.618,11.698,13.658,11.808,19.898001,8.8380003,10.348
-1.153,7.027,-3.293,-.36300001,-2.8529999,20.927,9.2469997,12.667,2.0469999,15.297,6.2670002,7.0669999,11.867,12.747,14.007,2.3570001,12.547,8.3870001,10.627,12.207,12.667,21.667,10.967,19.267,21.226999,16.896999,16.037001,20.716999,14.897,4.6370001,1.977,11.847,11.497,14.627,12.447,16.726999,6.5570002,8.967,13.667,13.527,13.667,15.677,7.737,.847,7.7870002,9.9469995,15.737
1.615,3.1849999,.215,6.8850002,12.905,-1.105,-14.195,-4.4749999,-6.6350002,-13.485,-13.985,-2.915,4.3850002,-3.5450001,-.77499998,-5.5650001,-11.765,2.165,-2.7550001,-2.175,-8.415,-2.4349999,-9.4650002,1.845,.61500001,-19.895,-5.7849998,1.535,-2.4349999,4.915,-2.905,-8.7950001,-9.4750004,-3.335,-6.835,-10.185,1.735,-.64499998,-8.4549999,-9.4650002,-7.8249998,-7.6750002,-.185,-5.3150001,-6.3150001,-1.3150001,-9.3450003
-.73299998,4.4169998,6.7270002,-11.503,4.757,-3.8329999,1.067,-6.8829999,5.1869998,-8.7030001,-13.513,-9.1829996,-5.5830002,-7.4330001,-.153,.977,-8.1529999,3.1370001,-5.073,.117,5.507,.81699997,2.697,4.217,-3.253,.45699999,-9.6029997,-12.313,-2.283,-4.4130001,-5.7329998,.46700001,-9.1330004,-6.6329999,-4.1830001,-2.263,8.9370003,1.847,5.9770002,-3.9130001,-4.8730001,-4.1030002,-2.303,-.84299999,-6.823,-2.3329999,-10.053
-1.492,-4.5019999,.88800001,-12.592,-6.9619999,-13.952,1.038,-9.6619997,-10.902,-10.602,-16.872,-2.552,-7.8119998,-4.652,-15.492,-8.8120003,-2.4119999,-6.362,-6.362,-6.1420002,-14.632,-15.032,-14.222,-18.962,-14.252,11.308,6.5879998,-3.362,11.998,-4.3520002,-5.8119998,-15.492,-11.282,-10.062,-14.712,-14.212,-5.0819998,-9.1120005,-12.362,-8.0019999,-12.602,-7.6220002,-8.0719995,-2.332,-11.912,-5.5419998,-14.452
-7.7160001,2.3340001,4.934,-1.296,2.2639999,-8.6459999,-9.4960003,5.0440001,-1.006,-4.6659999,-14.336,-.84600002,-7.9559999,-3.836,-3.4760001,-11.446,-17.976,-19.406,.164,-12.746,-2.9059999,-3.2460001,6.244,9.434,-2.336,-25.396,-22.386,-8.4060001,-5.4559999,-3.1159999,8.1540003,-.38600001,-1.456,-7.1360002,-3.2460001,-6.566,-8.6359997,7.1139998,-8.4259996,-3.9260001,.87400001,-.96600002,-12.146,-11.056,-10.866,-5.8460002,-5.816
3.5680001,6.698,6.7880001,1.658,11.408,6.8579998,.21799999,4.448,3.2980001,.61799997,3.668,-3.392,5.2480001,.958,-5.632,8.1379995,6.4879999,-2.1919999,-4.342,3.098,3.5580001,13.518,12.358,11.618,9.5179996,-5.4819999,-1.652,-.041999999,5.348,9.8380003,9.8280001,11.978,4.2280002,9.3579998,-.26199999,-.48199999,8.408,2.7079999,6.1079998,7.0279999,7.7179999,1.158,14.998,11.468,7.5380001,8.8280001,4.368
9.2959995,2.3759999,-1.374,4.6560001,4.276,-8.684,-4.3839998,2.6059999,1.276,-3.8540001,-.39399999,5.0159998,-3.5039999,-3.654,2.1559999,1.426,-6.1339998,-3.0940001,-9.9540005,-6.224,-1.224,1.6059999,.456,10.876,13.046,-28.094,-12.334,-12.034,-8.2639999,6.6659999,1.766,-7.414,-2.3740001,-1.2640001,-7.0440001,-7.704,3.2060001,.35600001,2.3959999,-.104,-6.2940001,-3.7639999,4.9660001,6.6259999,-1.434,2.256,-6.204
7.5029998,11.143,14.293,8.6029997,13.133,5.6030002,22.042999,15.933,3.313,12.363,14.883,11.243,5.2030001,7.5029998,5.783,3.4630001,11.093,4.6529999,7.3730001,4.8429999,4.5029998,-.377,10.793,5.3930001,-.42699999,24.063,11.743,2.2030001,10.013,7.9130001,12.043,7.1830001,10.833,.713,5.4229999,1.433,2.1630001,5.1630001,7.1529999,12.313,11.993,14.493,8.8330002,11.763,4.6830001,8.073,15.163
5.1459999,13.566,3.4460001,11.786,-7.224,3.1059999,14.406,7.3660002,4.256,8.5459995,5.1659999,8.026,7.7859998,4.3959999,2.326,4.6160002,1.706,-5.9439998,-7.7740002,-1.5039999,4.2459998,1.8559999,5.9860001,-2.214,7.0359998,-8.3339996,-7.4640002,-4.164,2.1259999,8.566,9.5360003,13.096,3.056,-4.1240001,-2.194,-.574,8.5360003,.396,8.1260004,5.566,10.696,4.836,11.256,11.086,-1.684,8.6660004,6.8060002
-8.9940004,4.4460001,-.61400002,.88599998,-15.194,-6.2639999,.32600001,-12.774,-4.6040001,-.96399999,-1.744,-3.704,-2.3039999,-1.824,2.066,-4.7639999,-9.7840004,-.60399997,-4.684,-4.914,-.22400001,-4.3940001,-6.3340001,-7.3839998,-6.0939999,3.756,-6.1040001,4.0359998,-1.944,-10.064,-10.074,-9.4639997,-7.5240002,-1.914,-7.3239999,-9.8940001,-2.7539999,-3.0239999,-5.5040002,-7.0240002,-12.224,-8.4239998,-10.804,-8.3839998,-7.3839998,-7.2140002,-6.1939998
15.165,13.085,18.025,18.385,16.594999,10.275,14.945,15.175,19.584999,15.205,16.594999,16.035,15.325,11.425,17.424999,15.555,8.6549997,2.335,2.7349999,11.375,13.185,13.215,8.2550001,.375,12.105,-4.7049999,-.025,-.33500001,1.575,13.215,15.465,14.535,16.094999,20.014999,14.235,11.405,12.715,16.145,8.2250004,16.705,17.174999,12.865,21.885,17.905001,5.1849999,16.514999,16.125
22.648001,16.038,19.098,14.168,26.858,16.898001,16.638,16.298,13.238,18.468,12.338,20.488001,17.518,19.167999,19.158001,20.587999,27.558001,10.248,13.858,13.508,11.108,23.917999,14.298,16.548,5.9380002,-9.6520004,2.3080001,4.8280001,-6.6020002,12.518,5.7480001,13.378,13.628,.21799999,7.2480001,10.708,15.448,16.048,14.148,16.757999,15.878,13.458,18.878,17.358,16.247999,14.178,19.667999
14.524,13.244,16.804001,11.284,22.153999,-.986,20.444,10.734,3.404,9.5640001,15.044,14.074,6.0640001,7.664,5.9239998,-.026000001,.74400002,-8.8660002,.384,-4.9460001,-4.4460001,-6.3860002,-2.1659999,-5.4060001,5.224,-17.146,-3.2260001,-8.4160004,4.5539999,3.1140001,11.144,2.8640001,6.994,-.97600001,.47400001,-4.5960002,3.174,6.204,-5.4260001,6.6339998,14.074,8.7639999,4.4840002,-2.3559999,-7.1659999,3.434,2.8840001
-21.791,-13.791,-20.910999,-14.711,-10.821,-10.371,-30.101,-17.400999,-14.951,-17.391001,-13.141,-16.871,-7.2509999,-20.080999,-14.581,-6.3909998,-11.791,-4.671,-8.0509996,-10.831,-8.3610001,-9.7309999,-13.301,-11.601,-8.1409998,29.739,3.349,-.56099999,8.5889997,1.969,-7.441,-6.1609998,-17.910999,-8.191,-12.301,-9.2309999,-4.3610001,-7.401,-2.6110001,-17.791,-17.820999,-19.271,-11.791,-9.4309998,-15.901,-10.931,-8.0509996
-6.7729998,7.277,7.0669999,4.717,6.8270001,-7.6129999,-.20299999,2.0569999,13.917,-.023,1.237,10.397,6.8969998,7.1669998,13.157,7.0370002,-6.053,-7.4229999,-4.9530001,4.0469999,.13699999,4.6869998,.046999998,-4.9330001,-14.193,-.14300001,-1.183,-4.6230001,3.6070001,1.057,3.487,5.8270001,5.487,-4.6430001,3.0769999,7.6570001,4.3870001,10.657,-1.383,2.4070001,1.317,1.977,-.91299999,-3.293,-1.553,-.193,11.287
16.761,16.381001,20.740999,23.611,16.650999,31.830999,26.191,22.070999,18.181,23.861,24.141001,22.171,23.650999,19.351,13.731,23.281,23.580999,26.400999,22.311001,20.570999,19.570999,26.660999,7.4510002,6.5609999,20.021,52.120998,37.721001,4.8309999,21.711,3.8610001,5.461,15.821,19.031,27.500999,21.101,24.971001,25.781,14.831,9.3009996,16.781,21.801001,22.570999,11.331,9.5509996,16.711,11.641,25.650999
.53500003,4.7649999,.235,1.3150001,3.355,.935,9.4549999,8.7650003,3.2650001,2.2049999,1.115,2.9549999,5.8850002,1.895,13.955,-.42500001,-8.7150002,9.8149996,-12.385,5.9850001,2.5350001,6.5949998,-6.4050002,-7.0349998,4.3049998,-5.9650002,.95499998,4.5450001,7.4949999,-3.9349999,6.625,-2.415,1.895,5.0549998,.085000001,5.2449999,-3.845,4.645,9.915,-2.605,4.375,-.51499999,-.58499998,-4.0650001,-5.2750001,-1.595,3.2449999
-2.2850001,-.66500002,8.4650002,10.075,25.844999,9.9350004,7.2649999,4.1849999,8.2550001,-3.6849999,1.255,5.5949998,6.4450002,7.4549999,.57499999,8.2749996,-.35499999,16.225,7.4349999,15.115,10.355,2.655,8.4250002,4.085,3.635,25.955,11.925,3.5250001,.045000002,-1.625,12.875,1.8049999,6.645,-.13500001,11.745,10.795,11.165,11.405,.82499999,2.365,1.295,-.44499999,-1.615,6.0250001,9.8850002,5.4949999,6.2249999
-29.77,-18.76,-16.889999,-10.88,-26.93,-33.650002,-27.690001,-22.969999,-24.15,-39.52,-20.65,-23.51,-22.09,-25.540001,-28.549999,-25.85,-37.93,-18.870001,-22.780001,-25.17,-29.030001,-27.49,-38.73,-32.799999,-26.58,-11.87,-27.700001,-27.030001,-22.129999,-8.9399996,-16.5,-26.059999,-25.98,-25.309999,-28.190001,-22.67,-19.690001,-22.23,-32.32,-27.190001,-33.509998,-24.450001,-27.360001,-23.700001,-28.23,-27.620001,-24.75
8.3830004,7.6729999,3.6229999,5.2529998,4.8930001,1.893,7.4429998,2.543,-2.8269999,18.063,9.4230003,5.9629998,2.993,10.443,29.933001,15.483,18.943001,1.733,10.553,16.632999,2.503,15.123,17.563,12.883,11.423,-7.487,14.323,13.003,13.833,3.6630001,6.0029998,6.6729999,5.4629998,-4.7069998,4.513,8.3030005,3.813,-1.9170001,15.313,12.813,16.333,9.1129999,9.2530003,4.6030002,11.413,9.2229996,-.18700001
5.2820001,-.54799998,3.6719999,3.0220001,-3.0380001,15.212,5.9219999,4.7020001,5.2220001,3.7820001,.64200002,-1.648,7.862,6.302,4.9120002,7.2719998,10.482,10.072,5.8119998,6.382,7.5320001,12.042,8.2019997,2.4219999,5.7620001,3.7720001,2.9119999,5.1220002,.76200002,5.1420002,4.8720002,-2.5880001,2.312,12.692,7.2519999,-3.658,12.372,10.322,6.382,4.802,6.2319999,4.902,9.4720001,2.4619999,8.6219997,5.3520002,1.392
-2.3870001,8.2729998,-9.007,6.6430001,12.803,-5.257,-1.987,2.253,.67299998,2.553,-.65700001,2.4130001,-7.6669998,-4.1370001,-.54699999,-9.0970001,-4.9070001,-4.237,7.6329999,-9.757,-5.3670001,-4.9770002,1.2130001,-16.437,-6.8470001,-13.457,-4.6170001,-6.8070002,-1.957,.63300002,2.533,-8.9569998,-2.3369999,-13.087,-11.117,-11.797,-5.6069999,-.55699998,.17299999,-2.027,4.033,2.0929999,1.033,5.8829999,-.917,.28299999,9.2130003
4.2540002,18.284,12.064,-.456,9.0640001,-.56599998,.96399999,-.80599999,-.69599998,-.126,-6.0159998,.0040000002,1.3940001,-1.146,1.334,-2.546,4.1939998,4.7340002,-1.436,1.114,.64399999,2.3340001,-3.4059999,-3.9360001,-5.8559999,-3.536,1.074,-4.0560002,1.694,1.284,2.5639999,-1.626,-2.1659999,1.294,-2.8959999,-2.6760001,-2.346,9.8439999,2.924,-1.876,-1.1160001,-.866,-5.9159999,-4.1960001,-5.9060001,-3.4460001,-5.3060002
4.1459999,5.816,4.7259998,11.206,12.546,19.596001,15.076,5.5760002,3.526,6.546,4.086,8.3459997,8.5059996,5.796,18.466,8.4060001,2.796,4.0359998,7.2160001,2.7360001,-.044,-.73400003,7.0560002,9.1059999,8.6059999,2.9760001,2.4460001,16.246,6.796,-.43399999,10.226,2.256,1.6059999,-7.3940001,.336,.89600003,2.6359999,-.234,5.8260002,3.346,5.9159999,6.026,9.6859999,9.6660004,1.396,7.506,3.7360001
3.714,10.824,-1.406,12.004,10.514,17.983999,14.764,12.814,7.5440001,1.6440001,5.8340001,3.0539999,.80400002,4.184,4.1240001,5.7839999,11.394,-1.436,8.6040001,3.944,12.024,-.32600001,.044,3.3740001,-.63599998,-6.566,-.87599999,3.654,2.3840001,10.254,13.224,2.3239999,9.9940004,.46399999,4.7639999,4.5139999,1.744,2.3239999,5.2740002,3.5139999,6.5539999,17.034,7.9239998,7.164,1.154,3.3740001,11.314
8.7139997,4.6139998,-1.196,11.004,15.074,6.6240001,12.014,-.106,3.8840001,16.194,10.454,14.404,7.954,7.744,4.4840002,9.2040005,8.3039999,9.684,1.464,5.994,7.1939998,4.2740002,7.474,-3.576,5.6739998,7.9039998,7.3039999,9.5839996,6.5139999,3.2639999,11.634,1.414,5.0040002,-2.6860001,5.6139998,1.7539999,6.7740002,8.8240004,13.444,3.224,8.7639999,5.6339998,9.6339998,11.574,-3.306,7.9239998,19.604
-6.585,3.0550001,-9.6850004,5.605,.145,-5.2350001,-9.9449997,-10.985,.235,-10.935,2.7449999,4.375,-1.085,-3.1849999,-6.1149998,-8.3050003,-2.665,-8.3649998,-7.5149999,.33500001,8.5349998,-12.595,-6.625,-28.305,-6.8049998,16.815001,-2.855,2.675,8.4750004,6.9949999,4.3049998,-9.7849998,-7.875,-12.135,-7.0549998,-7.645,1.905,5.9850001,-10.505,-3.155,-4.5650001,-2.0350001,-16.375,.205,-15.275,-9.8549995,-.064999998
-1.62,-8.0699997,-3.3299999,-4.3099999,-6.1700001,-8.6800003,-9.6999998,-12.15,-5.3400002,-1.92,-6.79,-6.8800001,-5.46,-.88,-7.9699998,-1.99,5.0999999,-1.29,5.2199998,4.3400002,.12,4.75,6.77,-11.39,-4.4200001,-5.21,3.5699999,8.1400003,-3.28,-7.71,-11.52,-4.6999998,-3.73,7.46,3.01,-4.4899998,-6.3000002,3.0599999,-1.95,-4.4099998,.75999999,-13.78,-11.02,-11.32,-4.6900001,-11.44,-4.71
-8.9619999,9.7679996,2.2179999,16.528,13.068,-.48199999,8.2279997,-1.392,7.6279998,2.7179999,12.758,15.188,-.51200002,2.4779999,-5.342,1.008,.18799999,-3.4920001,12.508,-1.752,7.4980001,-1.632,3.118,5.638,5.0879998,-11.392,-3.382,-5.7620001,-1.742,-1.5420001,-1.1720001,12.528,4.368,7.2379999,2.4779999,6.8779998,1.228,-2.0020001,-3.0320001,5.1880002,9.4980001,9.1680002,.23800001,2.848,-7.9819999,-1.612,15.588
-18.285,-9.1949997,-21.285,-12.565,2.085,-34.775002,-28.855,-23.305,-20.184999,-37.685001,-11.165,-9.5349998,-21.215,-23.275,-36.165001,-23.895,-19.135,-12.875,-35.575001,-27.395,-24.735001,-31.405001,-28.785,-18.844999,-17.254999,3.9549999,-7.3249998,-10.275,3.635,-7.2350001,-15.015,-30.254999,-18.344999,-27.344999,-26.254999,-28.965,-19.025,-14.515,-25.514999,-20.875,-28.165001,-32.025002,-34.935001,-25.115,-38.294998,-30.075001,-26.155001
2.063,11.593,16.372999,13.753,17.833,8.8430004,11.883,10.433,11.323,13.423,14.943,11.713,12.193,7.8930001,3.1229999,6.3730001,-2.277,-2.967,11.223,2.023,6.9429998,-2.207,7.783,-13.637,13.063,-10.707,-12.427,-13.837,-6.427,8.3030005,5.1630001,8.2629995,8.3629999,10.753,2.6530001,10.983,11.983,10.383,6.6030002,5.5430002,9.8129997,8.3629999,12.133,12.583,-22.216999,1.153,-.127
17.899,19.379,18.599001,20.039,10.889,31.089001,11.619,11.519,9.9790001,35.249001,25.979,16.489,10.219,19.509001,24.229,18.639,19.839001,13.839,20.139,11.439,19.239,15.919,7.4190001,9.5290003,10.569,-14.101,18.329,3.9389999,6.2989998,3.7090001,4.289,15.869,25.759001,15.759,20.649,26.259001,9.5389996,24.028999,14.019,13.139,26.669001,22.659,23.629,18.989,22.469,26.149,13.849
3.0899999,-3.7,-5.9099998,-7.1599998,-7.1900001,.72000003,-5.2800002,-.98000002,-6.6700001,.12,-2.9200001,-1.4400001,8.4399996,2.1500001,7.5900002,2.1700001,-10.63,-1.92,2.75,-2.7,5.0599999,8.7399998,.70999998,-9.4499998,.91000003,11.71,5.8099999,.86000001,-3.8900001,-3.6400001,-3.01,3.03,-4.6599998,-15.07,-2.46,.85000002,6.0599999,5.04,4.5,4.1199999,4.9299998,-4.8200002,4.6199999,-5.3099999,-8.2700005,.090000004,-5.2600002
5.1339998,7.3839998,-18.746,8.7539997,10.774,9.4239998,1.794,-1.916,9.0539999,13.614,10.254,9.7340002,1.164,11.344,13.384,4.744,-4.8759999,.574,14.124,-3.6960001,-4.8260002,-8.1160002,7.974,-12.546,-5.7659998,-9.526,1.354,.75400001,4.6939998,9.6940002,2.8640001,5.3839998,2.2839999,5.4239998,-3.846,-.146,-3.546,11.394,5.434,.64399999,4.9439998,3.214,14.644,.214,-1.516,11.394,-1.586
1.608,12.268,10.518,18.708,3.7980001,23.747999,-1.502,5.7280002,9.7679996,5.368,21.167999,18.818001,4.5079999,9.2880001,5.7379999,11.658,1.498,-2.9719999,4.2379999,-2.2019999,10.648,-6.302,5.7080002,11.208,6.6279998,3.7780001,-3.832,-6.5819998,-5.0120001,6.9180002,5.5479999,6.2179999,10.038,-4.7020001,8.7779999,9.0480003,5.7579999,5.4380002,11.098,8.7580004,8.3179998,9.4779997,5.658,12.418,1.648,7.1880002,11.488
-5.7449999,-10.315,-5.4749999,-.73500001,-9.2650003,4.0050001,21.885,6.4650002,3.095,1.215,-13.495,-14.855,3.7650001,1.145,20.615,2.085,-2.0150001,8.2349997,3.9949999,6.5949998,-1.345,24.895,-.97500002,5.1849999,-7.7350001,-7.7950001,7.7950001,-8.8950005,-8.2849998,-7.335,-6.0749998,1.135,.57499999,6.1550002,6.7550001,2.105,3.7049999,-7.5949998,.76499999,-.205,.505,8.375,4.2950001,-3.4749999,10.865,7.6350002,-8.3450003
-.82499999,-1.155,-4.9349999,-.755,-2.4649999,5.1849999,-5.9749999,.27500001,-5.875,-12.365,-6.5250001,-5.6750002,-.285,-9.4449997,-8.9350004,-4.915,-8.165,5.8850002,-20.325001,-5.0650001,1.425,12.655,-5.4549999,-.41499999,-1.955,16.035,10.975,-16.735001,8.3549995,4.875,4.915,-4.6550002,-4.1149998,-2.5050001,-5.2449999,-7.3049998,.13500001,6.9349999,-2.2449999,-3.125,-7.2350001,1.275,5.7849998,3.2349999,-15.015,1.345,-13.175
-3.812,9.6379995,-3.642,3.158,5.138,4.2480001,4.598,.15800001,6.1279998,9.0279999,-2.142,-3.5220001,-1.312,4.388,7.138,7.2379999,6.928,-10.702,3.2179999,.97799999,2.0179999,-14.492,-4.2620001,-12.182,8.2279997,-5.592,-5.092,17.018,7.1680002,6.1079998,5.4980001,-1.562,2.658,-8.1820002,9.5780001,5.5380001,-5.3319998,-.17200001,-1.832,3.3180001,7.8779998,2.7279999,-1.562,9.2679996,2.9879999,.34799999,6.8579998
6.6739998,-1.016,5.724,5.164,-5.6960001,2.0539999,16.063999,6.414,5.1739998,9.3839998,10.164,4.684,3.2939999,4.4439998,10.184,2.2639999,1.3839999,11.824,10.894,1.6440001,9.6739998,10.934,12.084,23.813999,14.794,-18.146,7.5139999,-11.286,-4.8759999,1.324,8.1140003,13.584,9.8439999,-1.656,17.634001,5.434,5.914,4.1739998,11.874,11.634,10.724,10.794,13.764,11.084,4.2740002,14.984,11.314
1.609,-8.8210001,13.289,.49900001,-9.7510004,-2.3310001,6.5489998,4.829,5.9689999,-4.1009998,-17.150999,-15.591,.249,8.1789999,7.9089999,8.7189999,5.6789999,4.6789999,-.26100001,9.0290003,4.0489998,15.009,1.399,-4.2709999,7.539,16.679001,4.309,-7.8109999,12.249,9.599,9.5889997,-.90100002,.39899999,.80900002,16.129,4.2589998,-1.6210001,-4.8410001,6.8189998,2.059,.46900001,3.2290001,9.1990004,6.039,14.089,10.419,-6.9310002
-2.1949999,-12.775,-7.5149999,-4.8249998,-12.305,11.265,4.4250002,-1.575,-2.5050001,-15.515,-4.6950002,1.6950001,.055,-2.925,-9.585,-2.625,1.5650001,2.665,-7.5749998,8.4449997,5.3049998,7.8850002,7.7449999,-8.9350004,7.8150001,22.495001,-9.4750004,-6.2950001,1.265,2.2950001,5.1950002,5.625,-2.605,.815,10.325,2.9849999,-1.895,-3.2249999,1.165,.35499999,-7.8649998,-4.4250002,-1.145,.045000002,3.0250001,3.0350001,-4.335
6.0149999,-2.835,13.195,.235,-10.245,11.565,11.695,2.4849999,-.86500001,-6.4749999,-7.145,-2.7349999,1.245,9.2250004,1.995,2.4449999,3.9349999,-4.3150001,4.2150002,4.9949999,1.075,2.2850001,4.7150002,15.165,6.8649998,-12.955,-2.9349999,18.475,5.4949999,4.2049999,6.1350002,9.0249996,7.9850001,-7.5349998,14.105,3.165,-3.875,-1.6950001,6.2750001,4.3850002,2.645,6.9549999,4.9250002,7.8150001,6.4949999,11.935,-4.375
2.997,8.507,7.6170001,5.3070002,14.387,-6.1529999,1.187,10.587,9.757,8.2869997,5.717,7.5770001,6.0370002,5.6469998,2.0669999,8.1370001,.046999998,10.517,9.5270004,4.3470001,7.5770001,14.487,8.9870005,.76700002,2.927,18.337,9.8870001,3.3870001,-8.073,-6.6230001,-4.783,1.727,2.3570001,16.277,-4.3730001,2.8570001,10.277,-1.023,6.1669998,3.677,1.487,8.3369999,-5.2030001,-7.0929999,2.8670001,-6.6630001,-7.5430002
-.977,-5.5669999,-3.5369999,-7.1869998,-9.5970001,.773,-9.1070004,-8.7869997,-4.4070001,1.813,-7.9070001,-14.787,2.9630001,-5.7870002,-7.9070001,-4.9770002,-4.1469998,.60299999,-3.997,1.893,-3.1670001,-4.1269999,-.30700001,-7.2870002,1.643,2.823,2.6830001,-16.247,-2.5469999,-10.867,-7.7670002,-4.7270002,-5.3369999,.48300001,4.4330001,-1.567,-2.9070001,2.273,-6.7670002,-4.5469999,-2.027,-3.507,-2.3870001,-5.4970002,-5.7470002,-5.0370002,-6.2470002
-6.7989998,.95099998,-5.579,-5.6989999,6.5310001,-5.4390001,-6.7490001,-5.7690001,-1.449,-7.0089998,-2.2490001,4.211,2.681,-2.619,-9.0690002,-2.779,-5.869,2.671,7.4910002,-7.289,-6.4289999,-5.829,.041000001,-3.7490001,-3.059,-16.099001,-4.8790002,3.1210001,1.551,-7.2690001,3.191,-6.619,-1.979,-9.7790003,-6.079,-4.619,.51099998,-.96899998,-5.1989999,-4.8790002,-4.4889998,-6.849,7.0710001,-.53899997,-14.299,1.601,.78100002
2.0150001,9.915,-9.3450003,12.105,11.165,3.115,1.5650001,1.155,7.3449998,4.395,14.095,11.795,8.0050001,5.0949998,-3.4449999,7.4349999,-4.7750001,11.205,-1.295,4.7750001,4.585,-3.7449999,-1.665,2.145,-4.5149999,11.095,9.8549995,-.155,.155,1.965,1.995,8.7550001,5.9549999,15.485,10.295,8.5649996,12.385,2.135,-4.5050001,3.7349999,2.0150001,-1.035,-1.835,3.2049999,8.125,1.465,3.105
-5.4070001,.82300001,2.3529999,5.4829998,-7.3270001,-7.9169998,3.243,.62300003,-.90700001,-2.3069999,1.543,2.6229999,-4.7670002,.653,-2.5369999,-3.467,-8.2370005,-9.3870001,-4.007,-3.8469999,3.763,-2.5669999,3.543,-2.707,3.803,-22.466999,-12.637,-11.157,.113,1.0829999,-5.9070001,-7.0170002,-1.567,9.9329996,5.1030002,-1.4170001,-5.2870002,-3.927,-3.687,-2.527,-7.237,-1.467,-8.1269999,-.347,-5.697,-5.1669998,-8.2969999
7.3010001,5.7410002,11.911,8.8909998,7.9710002,5.1609998,14.981,5.5110002,6.711,-1.179,12.441,8.9610004,7.3509998,6.9510002,-2.5090001,7.1810002,4.5110002,-1.699,13.401,9.5609999,5.0710001,-.699,12.701,3.3110001,8.941,10.901,5.631,-1.729,8.7410002,3.941,4.6810002,8.9809999,7.4109998,6.631,10.861,10.781,7.631,14.241,12.421,6.2810001,5.671,10.971,11.711,8.8909998,8.0010004,9.6110001,1.821
9.5229998,8.5629997,2.253,10.053,-2.687,1.4529999,4.2729998,2.8829999,4.743,.57300001,9.1730003,9.7130003,6.2529998,3.4430001,5.2329998,4.9029999,8.2329998,7.013,1.253,9.8430004,4.3330002,7.7129998,13.743,-5.3369999,12.863,-4.2870002,-1.867,6.8130002,1.903,6.4629998,5.0630002,3.1530001,2.023,17.613001,25.663,14.523,6.5929999,-.56699997,5.0830002,7.9829998,3.003,7.973,12.033,1.893,12.403,11.183,7.9530001
13.23,6.8299999,8.9399996,8.4099998,2.6099999,1.04,.87,6.6500001,4.1500001,10.32,17.1,11.53,3.97,4.1100001,-1.21,5.4099998,7.9499998,1.01,4.4200001,2.0899999,9.1700001,1.29,8.6999998,14.42,3.6800001,2.6900001,8.6400003,3.8900001,.69,5.3699999,13.62,10.51,10.06,8.7399998,9.54,5.4499998,3.4100001,-16.07,10.78,.92000002,2.47,-.34999999,13.96,13.35,5.9699998,12.76,-1.8200001
10.048,5.8080001,8.5179996,6.7880001,9.6379995,-2.7620001,-4.6420002,4.3080001,5.6479998,-.061999999,5.2179999,12.618,1.3279999,-2.402,-6.4219999,1.038,11.228,.23800001,.46799999,-.40200001,10.328,3.148,9.8780003,-.49200001,8.5780001,.168,-1.4119999,-8.5019999,8.948,6.6079998,5.6680002,2.668,7.178,1.998,-16.862,3.2780001,1.628,6.7080002,1.698,2.928,-4.592,5.5180001,4.368,7.428,-3.9119999,-1.372,.057999998
5.1430001,-.21699999,9.4429998,9.743,-4.0170002,8.243,5.8629999,3.573,2.563,8.823,3.6129999,3.513,12.403,8.4829998,-1.947,1.563,3.303,7.513,4.0029998,6.7030001,6.573,9.7329998,6.9530001,.903,11.363,23.663,6.0830002,3.1429999,4.743,-2.3169999,-3.247,3.1329999,5.973,7.9130001,.34299999,.653,1.103,10.413,6.1929998,3.6329999,11.093,9.8529997,9.1630001,.87300003,10.783,7.6830001,7.5630002
2.1099999,6.46,6.8600001,13.75,6.5500002,1.99,1.22,5.02,7.1399999,10.61,-3.49,3.4400001,-4.6700001,5.1599998,8.7700005,7.8200002,-1.21,-5.04,13.01,-1.79,8.5900002,-2.26,3.3800001,6.8499999,-1.33,-13.47,-3.97,23.82,3.73,2.6700001,2.3399999,9.5600004,6.8600001,5.0999999,9.1199999,5.1500001,1.34,2.25,-.44,3.29,7,1.5599999,-.30000001,-.58999997,.22,3.05,5.8299999
.80199999,4.9120002,14.782,-3.918,-12.518,-2.9879999,-6.2080002,-1.878,3.392,5.9120002,3.9619999,4.5619998,5.0320001,1.4119999,-1.188,5.4819999,-7.4180002,.57200003,3.5020001,.83200002,5.4320002,-.61799997,6.7220001,8.5419998,2.882,-4.5180001,-3.7479999,1.492,1.0319999,-3.678,-9.5979996,3.552,-.708,10.262,6.0320001,-.38800001,6.3920002,.42199999,-3.938,-.898,1.362,-5.1880002,9.2919998,2.642,-1.868,2.9719999,1.452
6.2740002,4.1939998,4.224,3.0840001,21.754,-3.6259999,.52399999,3.214,5.5139999,1.214,-2.6760001,3.0940001,3.2839999,6.2940001,-.066,4.9640002,6.934,4.2639999,.204,4.6440001,8.4040003,2.194,11.774,3.1340001,6.954,-4.6859999,.30399999,15.314,10.834,5.0539999,6.8039999,-3.076,-5.1859999,6.8540001,11.784,5.5739999,6.3839998,13.654,6.2740002,3.954,-5.526,-4.3660002,11.304,9.4940004,-12.586,11.154,.054000001
-1.61,3.3,12.76,5.8899999,1.5599999,1.11,-1.13,2.5,1.86,2.3599999,-5.75,4.0100002,1.5599999,-4.8200002,3.4300001,-3.5999999,-2.9300001,-.41999999,-2.6600001,.56,-.54000002,-2.1600001,-1.47,-.11,-8.1499996,-3.8099999,3.4100001,2.1500001,2.45,-3.6900001,-4.29,-3.6900001,-6.54,-9.8299999,1.38,-4.9400001,-.63999999,4.4699998,-.15000001,-8.6899996,4.1799998,-1.16,2.8199999,2.52,3.0799999,2.52,.28999999
17.919001,11.569,12.779,16.698999,16.389,14.529,6.1890001,11.039,19.299,4.6290002,15.869,21.659,12.689,14.309,4.7690001,19.469,12.649,13.019,14.359,20.459,24.108999,11.159,10.439,14.259,20.889,-5.7709999,7.4289999,4.3189998,7.5089998,4.079,11.439,15.039,17.169001,19.018999,13.289,16.108999,12.489,16.239,12.839,8.9790001,13.349,6.9590001,14.869,18.569,.97899997,18.599001,6.789
12.241,5.7010002,15.101,-4.5489998,-5.1090002,.53100002,3.8510001,8.3409996,.041000001,1.921,7.0910001,1.1210001,1.751,4.3909998,8.8809996,2.5409999,13.851,8.1110001,4.7709999,10.371,5.941,13.661,1.101,20.240999,5.0009999,14.131,.31099999,-.30899999,12.761,5.0310001,8.2010002,11.741,5.1810002,23.820999,18.021,10.951,5.3610001,-6.2989998,10.811,9.8009996,9.7609997,5.671,12.401,5.7509999,22.721001,20.400999,9.0609999
5.6729999,7.263,20.443001,4.7529998,9.4029999,-.046999998,10.903,9.0930004,4.033,-15.867,-1.507,7.763,-2.0869999,6.6430001,-5.4770002,5.3829999,-7.5170002,-10.407,-8.8769999,-13.547,5.7129998,-2.1270001,-8.4370003,-5.1269999,-8.3170004,-42.216999,-21.277,-22.377001,-7.8270001,14.353,16.503,.89300001,.61299998,-10.847,-21.066999,-9.0970001,-10.707,-8.5970001,-.85699999,-1.687,3.483,-3.987,7.9429998,3.3329999,-10.087,7.6630001,-6.6469998
5.5650001,3.5450001,4.875,13.595,-6.835,7.1950002,11.245,9.5349998,12.515,14.665,11.275,14.875,9.8549995,7.1750002,10.435,14.935,19.315001,10.365,10.215,9.6149998,14.535,17.504999,12.855,1.755,13.525,8.8249998,12.815,2.0050001,4.835,3.5350001,16.135,10.205,13.235,9.8450003,13.755,7.2249999,9.5550003,10.845,9.665,8.2150002,18.405001,14.015,9.5150003,13.085,1.495,11.045,5.7550001
14.492,-5.2880001,7.7420001,5.552,-5.2579999,-.93800002,-1.608,5.6020002,2.552,2.7520001,2.5120001,6.0419998,-.34799999,.212,-9.5679998,-6.1479998,-.48800001,-6.6279998,-14.468,-11.858,1.832,12.182,-5.2880001,-6.5780001,-6.9180002,-20.408001,-11.738,-3.0380001,-2.8380001,-1.788,-3.168,-15.628,1.152,10.322,.041999999,-12.418,-10.008,-11.988,-7.7480001,-2.8080001,9.1120005,.67199999,1.062,3.7420001,-7.8979998,6.9320002,3.2720001
-26.188,-11.318,-40.048,-31.337999,16.162001,-34.958,-27.087999,-14.038,-20.167999,-34.158001,-8.6879997,1.342,-21.598,-27.228001,-32.698002,-32.037998,-17.327999,-18.587999,-27.058001,-30.438,-13.698,-20.548,-22.488001,-11.178,-6.0479999,12.692,-9.7679996,-11.618,-6.0780001,3.142,.45199999,-26.458,-17.007999,7.4619999,-9.8479996,-17.747999,-16.268,-36.627998,-23.257999,-13.878,-16.358,-19.448,-21.667999,-19.927999,-39.678001,-40.467999,-11.578
-2.904,9.8559999,36.256001,19.846001,15.626,-.40400001,17.916,24.836,22.826,14.636,19.695999,13.816,1.256,22.386,17.525999,16.365999,27.365999,4.5960002,-.054000001,16.316,25.035999,19.445999,15.986,21.166,-11.874,-17.544001,14.876,33.076,-.61400002,1.666,23.146,23.466,18.506001,32.026001,38.375999,15.466,13.276,29.736,14.476,10.526,32.186001,20.106001,19.686001,13.936,10.606,30.216,5.9359999
16.684,-13.566,-19.125999,-5.1459999,-38.756001,7.6440001,6.8540001,2.964,.66399997,6.8940001,2.3740001,3.8740001,-1.406,-4.8060002,-24.096001,9.1739998,6.5240002,-4.8060002,-17.236,4.0240002,6.454,.67400002,8.5340004,-2.1559999,-10.586,-6.546,-2.586,52.554001,3.3740001,-12.736,4.2639999,-21.576,-1.716,6.0739999,4.0840001,-2.9159999,-4.9460001,6.7639999,2.204,-12.416,5.2940001,11.614,.54400003,1.744,-13.996,21.604,-10.276
2.9960001,5.3060002,.49599999,-.72399998,14.456,6.0760002,4.1160002,7.7259998,1.596,6.5359998,3.306,-4.9640002,15.916,21.316,13.396,-12.664,7.1259999,27.636,42.366001,20.836,4.1859999,2.566,18.195999,14.656,3.6459999,5.4860001,21.056,-12.324,11.176,8.1359997,13.376,7.506,9.3059998,16.256001,21.566,22.846001,17.875999,12.376,6.2859998,13.116,4.4260001,-4.9840002,5.1560001,1.766,9.3859997,9.4960003,24.525999
-9.3719997,-10.282,-26.132,-20.591999,-13.902,-22.441999,-9.5719995,-10.092,-9.6619997,-19.652,-9.9619999,-8.0120001,-12.292,-16.002001,-27.812,-15.502,-16.632,-4.9219999,-20.632,-1.202,3.7079999,-11.322,-9.4619999,-10.332,-13.162,24.837999,-16.832001,-9.3719997,-.77200001,-5.2919998,-7.0419998,-26.722,-5.152,7.1079998,8.4379997,.208,-6.0120001,-24.841999,-18.222,-12.022,-10.972,-5.322,-15.132,-19.962,-15.712,-21.992001,-44.902
-13.095,-4.3850002,-8.5349998,14.445,-33.305,-6.4749999,16.174999,13.975,14.325,-6.9850001,1.325,5.7750001,7.415,-.52499998,6.4650002,6.375,-.52499998,27.514999,-14.815,1.595,24.184999,1.135,-.13500001,-13.615,-28.395,-7.6849999,11.945,42.055,1.045,-8.7349997,14.965,-4.7649999,23.575001,34.334999,31.115,22.075001,10.345,2.5050001,.97500002,2.4649999,17.445,-8.1850004,2.9349999,10.205,-8.6149998,27.905001,7.6149998
7.1199999,-8.5699997,10.2,-14.07,-7.6500001,-7.3600001,12.91,13.12,-33.130001,-1.17,15.53,4.1700001,-5.4000001,-9.2399998,-9.6400003,-8.4099998,7.4899998,8.0799999,4.6599998,16.58,2.3299999,-.85000002,-7.6599998,-4.9699998,-7.5700002,-10.65,-3.1199999,27.74,6.6900001,3.0899999,-.70999998,-8.1499996,-6.7600002,24.34,28.719999,31.33,-12.83,-17.18,-4.0100002,16.33,-5.4699998,-5.46,.07,-.61000001,7.1500001,13.97,-1.96
-7.448,11.872,-4.7379999,20.851999,26.962,-.92799997,4.362,-14.978,4.3119998,-10.308,.662,21.712,-10.998,-1.228,-7.8979998,-7.0279999,-3.5680001,10.202,-14.838,-4.1680002,1.872,-18.118,-7.2480001,3.9920001,13.752,2.7320001,-14.088,-9.4680004,2.602,5.4219999,-15.718,-6.0679998,-4.3779998,-2.9779999,-3.118,-.61799997,-9.1479998,-14.258,-2.698,-2.5079999,-10.758,-5.0380001,-5.3979998,2.7520001,-12.698,-4.4780002,19.691999
-2.2360001,-.24600001,-.96600002,-.396,14.254,-8.9160004,-6.1459999,.064000003,-1.136,6.8639998,5.1339998,-2.036,-.96600002,-10.916,6.8740001,-4.3959999,7.8039999,2.934,11.294,-9.6059999,-5.7459998,4.2940001,24.084,16.884001,26.584,-22.156,-3.8759999,12.754,9.3540001,22.784,-13.236,11.644,-4.4660001,.75400001,-20.785999,-4.9959998,.234,-13.866,2.3039999,16.424,-5.5359998,-2.1159999,20.624001,19.344,-4.9860001,17.504,9.2340002
-1.654,15.026,21.766001,9.6660004,40.576,1.656,-27.254,.76599997,11.506,21.016001,2.4960001,4.796,12.386,-1.874,.88599998,13.206,14.856,-25.243999,-16.073999,-1.8839999,-14.504,-11.664,11.346,19.816,5.1560001,-3.6340001,10.006,53.605999,.57599998,6.566,-21.914,1.2359999,-8.1239996,-43.383999,-36.334,-10.964,21.086,1.836,12.636,1.436,1.9859999,10.756,4.4060001,9.2060003,6.6659999,-9.7139997,-15.414
1.7460001,-8.2139997,-5.3239999,-21.794001,9.5360003,12.886,5.0359998,-5.224,-15.054,-9.7040005,-11.394,-20.054001,-12.264,9.7360001,3.306,-7.204,7.026,-27.884001,5.336,-9.0340004,-24.544001,11.056,-11.614,-18.524,7.006,3.8659999,-.124,37.826,-4.5339999,-4.3439999,-2.444,3.4560001,-13.364,-45.194,-26.733999,-40.493999,-8.224,-3.1140001,-2.654,-13.634,.91600001,-9.9040003,-4.8239999,-12.804,5.3260002,-19.483999,-10.004
8.507,-.373,-3.9430001,-3.1429999,7.487,11.457,19.587,7.6669998,7.0869999,8.7370005,4.9770002,2.267,3.8169999,4.177,11.437,4.1469998,3.187,5.7670002,3.027,13.677,6.0570002,7.9770002,-3.4030001,20.487,4.0370002,26.367001,8.3369999,-22.933001,1.607,-1.173,-2.1429999,21.457001,9.8470001,10.187,11.777,12.507,2.1070001,9.9770002,4.5669999,4.7670002,3.5469999,6.2969999,7.3870001,6.1269999,9.6370001,14.657,13.147
-3.733,6.2069998,4.5869999,3.0669999,-2.313,-20.952999,-27.613001,-14.203,.097000003,-23.702999,-1.923,-1.8430001,-14.043,-12.963,-11.603,-11.563,-25.792999,-32.623001,-28.193001,-29.693001,-21.792999,-30.013,-35.373001,10.687,18.297001,22.237,-21.653,-26.243,-12.923,-11.003,-12.533,-6.3930001,-20.632999,-52.702999,-36.693001,-32.252998,-5.533,-7.3829999,-23.433001,-12.803,-13.613,-9.533,-12.013,-6.2529998,-7.2030001,-26.702999,-27.632999
10.352,4.4419999,9.3219995,2.7119999,-3.448,19.622,26.062,12.742,8.7419996,23.722,11.432,2.4419999,12.772,15.512,24.962,18.562,31.782,15.112,13.852,24.832001,17.562,10.552,22.181999,-5.3579998,6.2119999,-13.918,13.292,22.122,7.1220002,3.642,-2.188,9.2220001,22.091999,39.062,32.402,30.142,11.872,22.492001,19.502001,-9.1280003,20.771999,12.802,7.552,3.6719999,16.642,20.492001,9.4619999
2.8599999,3.8900001,5.04,11.95,14.6,12.49,16.309999,12.18,9.5500002,9.1000004,-2.7,-3.26,8.1999998,17.469999,10.77,6.9099998,8.6899996,6.25,11.95,15.85,5.8299999,16.77,16.82,16.620001,21.940001,39.459999,3.6300001,3.53,9.6199999,4.9699998,-9.1499996,8.0100002,-8.9399996,-7.1599998,-3.1099999,1.04,5.54,27.120001,11.5,5.23,3.8800001,10.04,5.77,.56,4.8800001,.92000002,-6.5599999
2.4219999,-.65799999,14.832,4.1420002,-16.908001,-4.2480001,-8.7080002,-7.0079999,-3.108,-.31799999,-11.508,-23.228001,-3.7479999,3.6919999,4.2919998,-1.878,6.0120001,-12.388,-2.2179999,-14.728,-6.4380002,-7.368,-5.4380002,11.262,16.792,2.902,-4.3080001,-7.0180001,-5.388,-14.818,-24.667999,-1.068,-28.628,-18.427999,-37.278,-31.648001,.23199999,-7.0479999,-7.0679998,-8.8479996,-8.698,-.68800002,-5.2080002,-3.198,-4.8579998,-17.318001,-21.548
-16.365999,-14.556,-11.146,-10.066,-9.7360001,-17.375999,-11.286,-4.3959999,-2.756,-16.996,-5.5960002,-6.3260002,-18.326,-19.695999,-33.125999,-19.695999,-24.906,-46.285999,-34.925999,-24.856001,-18.775999,-28.535999,-27.386,-23.466,-4.3860002,8.3540001,-22.976,-31.556,-18.726,-19.736,-20.115999,-4.6360002,-19.086,-24.566,-31.966,-32.535999,-17.986,-11.546,-16.726,-11.156,-19.316,-27.275999,-14.856,-13.366,-9.5959997,-19.726,-13.176
4.1570001,8.5570002,5.757,-6.3130002,8.8669996,7.1069999,7.1170001,3.9170001,1.1670001,10.417,6.5669999,8.0170002,11.507,-.28299999,11.457,6.8070002,4.3270001,13.927,-4.9629998,13.437,13.537,-.123,6.737,-.493,-9.1330004,6.7870002,6.9070001,27.357,7.3670001,5.6570001,22.417,-.70300001,12.537,25.056999,16.237,14.547,6.757,9.3769999,7.5869999,-.54299998,1.687,-.193,7.8070002,3.1270001,.85699999,13.197,2.6370001
-3.825,-8.0749998,-21.215,-5.5149999,-26.525,8.2749996,-12.835,-5.1750002,.90499997,-1.675,.60500002,1.8049999,-6.4349999,-5.9349999,-10.085,-5.4650002,5.895,-4.9349999,-6.1550002,-5.5749998,-8.7250004,-12.015,-14.575,-32.044998,-17.635,-14.405,-9.6350002,-4.1350002,.94499999,-2.835,-10.505,2.9449999,-9.2950001,1.115,2.4849999,-7.4949999,-1.365,-10.155,-4.1950002,-6.4450002,.115,-5.4850001,-3.2950001,-7.0250001,-2.2149999,-2.585,4.125
10.176,10.236,3.4960001,12.826,42.835999,4.2360001,30.375999,11.966,3.506,11.026,14.316,13.056,9.2360001,8.7559996,13.686,12.206,30.525999,24.625999,11.346,17.186001,17.025999,24.926001,26.025999,26.906,.65600002,21.945999,25.945999,26.236,6.566,17.775999,19.406,16.836,19.445999,26.035999,21.955999,27.375999,6.7360001,8.4759998,14.886,16.716,14.706,23.916,17.326,13.636,18.625999,22.596001,13.946
5.697,1.737,5.6069999,-5.5229998,-.84299999,6.737,.26699999,-.88300002,4.0469999,7.217,4.6069999,-4.3530002,3.197,-10.033,16.007,4.3569999,8.427,8.4969997,7.427,8.8970003,7.8070002,9.1969995,4.1669998,10.307,-2.4330001,19.947001,19.517,-8.2130003,1.087,.046999998,-6.3829999,10.337,4.677,7.8070002,20.427,10.897,6.507,.74699998,1.817,2.6670001,6.0370002,5.1370001,4.5570002,2.3570001,6.3470001,9.3669996,4.9070001
21.287001,7.177,14.727,14.177,22.527,12.917,15.527,11.987,5.467,15.997,11.347,6.9970002,18.396999,10.517,3.757,17.747,21.627001,31.697001,13.767,19.287001,21.997,26.917,21.707001,15.267,12.407,25.257,27.507,35.216999,14.747,8.0170002,13.197,8.0369997,14.027,14.297,17.507,16.167,17.386999,13.577,9.0270004,11.917,5.777,10.257,11.297,12.077,9.4370003,12.757,6.6469998
3.401,8.5109997,15.241,-.64899999,1.7309999,.611,3.641,1.771,6.6009998,6.3410001,6.941,-1.569,-.89899999,2.911,9.3710003,7.0510001,10.721,2.3510001,15.551,.301,-3.1589999,-6.5089998,-3.1789999,-1.689,-8.4490004,-2.359,-.61900002,7.171,4.9910002,5.0209999,-1.099,12.191,3.181,.861,-.90899998,4.5209999,.271,5.941,-4.2090001,7.2410002,6.2210002,8.3509998,4.3210001,8.151,8.6110001,4.401,-.42899999
5.0219998,3.1919999,11.222,2.302,-4.928,-.148,2.5020001,-2.368,5.8319998,3.142,5.552,1.732,5.4120002,4.842,-6.1279998,5.5819998,-9.948,6.3720002,11.182,5.2420001,6.0819998,5.8920002,12.032,12.272,13.392,-17.587999,-5.658,23.632,8.2819996,-.368,-2.7479999,-2.628,4.8119998,-.43799999,-.458,3.0420001,6.7319999,8.4119997,8.3219995,3.7219999,-2.858,-4.5580001,-2.4879999,.012,-.898,-8.3479996,6.4720001
-.28,-5.04,-25.99,-16.92,-3.3399999,3.3499999,-4.6799998,-3.25,-3.9000001,-2.5899999,-2.0999999,-6.9400001,3.9200001,-7.8699999,2.3,1.51,9.7799997,7.46,-.61000001,-2.8800001,-6.3899999,-5.02,1.37,2.47,4.4200001,17.92,13.55,2.6600001,10.62,5.9000001,1.26,-11,-3.9000001,-11.12,-15.52,-15.78,-6.04,.75999999,-2.49,-14.44,-1.49,4.6100001,1.97,-1.11,10.06,-1.91,1.3
6.9640002,11.964,6.684,4.3439999,26.334,11.384,17.504,5.3039999,4.1939998,14.194,3.244,3.0439999,11.334,15.224,15.164,10.454,18.474001,7.2540002,20.893999,9.5340004,14.664,8.1739998,4.3839998,5.0240002,3.3440001,-2.326,2.3940001,20.823999,4.7140002,11.074,10.814,11.674,9.1739998,15.684,12.234,12.494,4.4840002,17.534,16.153999,16.403999,8.5439997,14.804,8.4239998,7.5840001,20.914,15.694,7.684
.49900001,-2.4809999,2.119,-.64099997,7.4689999,-8.8409996,-6.4710002,-5.0310001,-2.3010001,-1.951,-4.1110001,-3.5910001,4.2589998,-5.7810001,-9.901,1.549,4.6890001,1.399,-9.3009996,-2.2409999,-1.3609999,-17.900999,5.869,.829,4.6989999,-5.5209999,6.289,15.039,17.278999,4.3189998,-5.2309999,-4.0809999,-3.441,-7.0110002,-7.0510001,-9.5109997,-2.3610001,2.819,-5.9710002,-1.8609999,-.60100001,1.499,-8.2510004,-3.0710001,6.329,-2.421,-1.331
2.359,-1.161,6.869,.109,-1.041,-7.2210002,-1.011,-5.461,-3.9809999,4.2090001,1.319,4.809,-8.6110001,1.939,1.109,1.839,14.429,-12.781,3.809,-.44100001,-5.191,.90899998,4.3889999,2.2690001,4.9689999,-6.0510001,2.2090001,11.589,2.0090001,8.6890001,-.89099997,6.0089998,.829,2.049,4.1490002,1.7589999,-11.571,-9.4510002,-4.8109999,2.4990001,3.2590001,-1.181,3.2090001,7.3990002,13.519,2.289,-3.201
1.237,1.527,-7.1129999,1.997,12.027,1.597,-.213,-.39300001,3.1170001,-3.2030001,1.6670001,1.247,-4.1329999,-5.7329998,-4.6630001,10.017,8.6169996,14.297,-7.6929998,10.577,8.427,-2.8329999,2.0569999,10.067,-5.243,18.507,21.357,36.797001,17.617001,7.8270001,-.433,-6.4829998,5.4070001,2.007,7.6170001,9.6470003,1.4170001,.0070000002,7.3670001,2.8970001,-3.783,-1.2029999,-3.4330001,5.717,-6.9330001,9.427,-2.5929999
-9.2130003,-4.513,2.5569999,-.95300001,2.7969999,-3.1630001,-.36300001,-6.6630001,.477,2.8770001,1.1569999,-.28299999,5.5669999,5.6069999,1.077,-3.3429999,-4.243,10.997,-4.573,2.427,1.247,-11.083,2.937,-3.533,3.227,10.787,5.757,-6.763,-8.3430004,-6.573,-3.003,-.39300001,3.207,.71700001,.43700001,1.747,9.0469999,5.7069998,10.897,2.747,4.1469998,7.277,6.737,5.8670001,-6.2129998,7.5869999,4.3870001
6.9099998,4.75,9.5299997,.49000001,-3.3199999,11.02,6.79,.91000003,2.5,5.1100001,-1.1799999,2.0899999,3.3800001,9.29,-2.98,14.33,4.9499998,22.23,15.58,12.02,13.48,4.21,9.0900002,12.9,15.4,5.75,21.040001,11.11,6.9899998,-1.4,7.9299998,1.9,6.5700002,8.4700003,5.4899998,9.4799995,.34,1.01,9.6700001,11.13,3.26,7.7600002,1.91,-1.85,9.1400003,13.96,1.9299999
-8.4469995,4.1030002,6.2529998,2.6329999,4.323,-10.107,5.303,-6.7470002,-3.007,-7.947,-10.387,-4.3670001,-1.337,-2.0669999,3.0829999,-10.007,-15.217,5.9629998,-11.677,.84299999,-2.217,2.6029999,2.9030001,2.1429999,-5.217,1.643,-5.1469998,12.773,2.9130001,4.783,3.263,-3.677,-4.3169999,-11.477,-11.717,-7.487,.36300001,-7.697,2.1429999,-7.5669999,-3.2869999,-3.177,.60299999,-5.5770001,-6.8769999,-6.4369998,-3.3870001
10.416,3.026,-2.414,5.3060002,5.5159998,4.336,-1.554,2.326,7.6360002,8.8760004,3.8759999,7.6259999,.89600003,8.1859999,.056000002,-7.414,-9.6940002,-6.9039998,-14.824,-7.3540001,-2.724,1.8660001,-1.734,2.6259999,15.686,-18.944,-.28400001,-39.183998,-2.434,3.7460001,7.2459998,-3.5239999,-1.1339999,11.356,3.046,.056000002,-2.5239999,6.526,-9.6940002,-.154,2.586,2.826,4.8959999,4.9559999,-10.764,9.4160004,4.9060001
9.184,1.3839999,-4.7659998,1.244,10.604,11.214,16.823999,8.5839996,3.7639999,11.044,7.3039999,-.43599999,8.3339996,10.254,.92400002,8.9139996,10.704,15.694,14.564,6.1240001,5.204,5.3439999,6.7639999,4.1739998,5.1539998,6.5840001,14.884,6.1240001,10.534,7.914,8.8739996,2.934,6.8039999,10.294,-2.306,9.1140003,6.6440001,13.034,5.0440001,5.5939999,1.3940001,10.274,4.2340002,5.5640001,14.104,9.8739996,7.0640001
5.4320002,2.372,3.2320001,.30199999,1.582,3.4119999,.182,-4.1880002,-1.418,4.3119998,1.892,-1.598,6.842,2.2820001,8.6520004,.80199999,-6.7779999,17.042,-6.2379999,5.802,.192,8.3719997,1.812,2.7720001,5.2319999,-6.5180001,24.902,5.7119999,1.382,7.822,1.772,4.2420001,1.122,-2.4779999,.43200001,3.7219999,1.972,10.002,2.5120001,5.6220002,2.602,-.368,-5.118,-1.288,11.512,-2.678,-4.4580002
15.855,1.325,9.2250004,4.8850002,4.2350001,2.0150001,.0049999999,4.085,-1.675,4.9549999,2.355,3.405,7.645,-.90499997,17.514999,5.7849998,6.5149999,9.085,20.235001,13.005,11.895,13.645,10.565,2.4449999,-1.255,-6.5450001,18.045,17.065001,12.325,-.84500003,5.625,10.085,7.7049999,11.565,9.6350002,6.3649998,7.0450001,11.885,4.5050001,1.415,1.295,.67500001,-.094999999,3.0150001,1.105,4.7350001,5.1950002
21.834,-1.8660001,10.114,7.9840002,-1.006,-16.966,14.254,-17.316,6.6339998,-5.5560002,4.2639999,.124,5.8940001,-6.2360001,-12.546,-5.9660001,-9.8459997,3.0339999,-8.2659998,6.6040001,3.8239999,-3.846,9.3839998,1.554,13.584,13.264,16.834,-2.586,6.664,.91399997,-2.6860001,-3.846,-6.2859998,11.744,1.154,5.5440001,-1.566,-1.396,-4.0760002,-2.6459999,-6.7059999,2.704,-4.8660002,-3.806,-16.356001,-4.4359999,6.9840002
25.992001,-1.188,.63200003,4.4619999,8.0620003,-15.908,-12.788,-11.498,2.7820001,-17.708,-2.3380001,-3.5580001,2.7320001,-5.7579999,-7.4980001,-9.9779997,.50199997,-2.2780001,1.762,-1.4579999,3.4920001,-16.308001,-5.5479999,.42199999,-4.0879998,11.042,-3.948,36.402,5.2820001,5.842,-9.4580002,-5.6279998,-5.4679999,-4.2280002,-4.2579999,-.96799999,-6.7979999,3.342,-5.4879999,-5.9780002,-6.4679999,-5.388,-19.898001,-3.198,-21.358,-2.4779999,-1.598
2.74,-3.04,-13.51,-3.47,-3.3800001,-7.9400001,-17.32,-22.83,-5.54,-.15000001,-3.95,-7.9499998,-2.74,-5.1100001,-.20999999,-5.5,-5.5300002,-3.8599999,-2.01,-7.1500001,-12.72,-14.81,-13.89,-4.75,-6.4000001,-4.3000002,-.95999998,1.48,-5.04,-9.2600002,-11.8,-21.02,-11.44,-18.200001,-13.28,-9.5699997,-9.96,1.72,2.22,-8.5699997,-1.35,-3.7,-8.4899998,-20.690001,-3.48,-23.02,-2.55
13.088,-6.072,-26.002001,-6.6820002,-7.2119999,-1.142,-26.052,-9.382,-12.052,-6.9419999,-.022,-1.502,7.7779999,-13.162,-10.832,-4.0019999,3.5780001,8.408,20.148001,7.2880001,.66799998,-15.192,-11.592,2.368,-1.4119999,10.078,15.618,62.147999,16.038,9.0480003,-2.4119999,4.2480001,-.40200001,2.2579999,1.248,4.9879999,-13.842,-7.1220002,.037999999,.278,-2.5420001,-7.1020002,-23.511999,-13.042,-14.452,-8.8620005,-20.052
-19.566999,3.9230001,7.533,5.5830002,.93300003,.88300002,-11.307,-14.157,13.263,4.8930001,-.057,2.8629999,-22.297001,3.0929999,-.477,-7.3270001,-17.417,-51.876999,-17.507,-26.877001,-16.017,-12.427,-10.227,-10.887,10.183,-30.476999,-49.337002,-69.196999,-26.277,-20.187,-11.667,3.1730001,-5.2470002,-12.607,-14.687,-7.4770002,3.813,-9.7270002,-2.3670001,-5.8470001,2.3629999,1.613,23.103001,-5.5469999,-8.6070004,-8.4569998,-.197
-22.091,-12.191,-19.891001,-10.281,-8.7609997,-21.711,-48.061001,-34.300999,-15.751,-29.191,-32.521,-4.5209999,-35.351002,-21.660999,-45.431,-27.851,-15.911,-19.211,-39.931,-31.481001,-15.781,-44.460999,-15.021,-23.281,-19.660999,19.589001,-18.931,-41.730999,-9.651,-7.131,-8.4610004,-2.6210001,-22.681,-24.851,-23.570999,-35.011002,-29.091,-11.581,-19.861,-25.221001,-16.051001,-5.5809999,-28.910999,-15.801,-54.691002,-27.181,-29.740999
18.368999,-10.061,5.1290002,-4.691,-10.121,-22.851,-18.531,-14.011,-21.511,-3.891,-4.8309999,-5.461,2.9590001,-30.431,-28.631001,-25.351,-6.2410002,-20.871,-12.031,-8.9209995,-17.481001,-5.2509999,-15.541,-30.000999,-16.121,14.839,10.289,7.8390002,-9.8509998,-10.521,-8.2309999,-5.7709999,-4.5310001,4.9689999,5.289,-.361,-16.201,-6.6009998,-19.000999,-4.6810002,1.8890001,-5.4710002,-23.150999,-22.111,-20.141001,10.419,-21.961
-7.0510001,13.719,25.599001,9.6090002,16.239,23.409,42.188999,27.559,14.119,21.389,16.799,6.8889999,18.659,32.449001,36.949001,27.789,17.259001,40.049,31.129,22.739,22.379,45.909,21.009001,30.868999,17.219,-4.9710002,24.569,38.618999,11.339,11.759,12.809,8.7889996,14.189,23.829,19.079,19.839001,29.669001,22.358999,19.438999,19.209,6.6389999,12.049,31.028999,20.649,58.918999,29.159,12.899
5.177,9.1070004,18.687,10.577,12.537,19.747,39.707001,20.136999,15.437,26.957001,9.9870005,9.6870003,25.077,31.466999,35.466999,26.017,15.537,15.237,19.827,25.726999,22.087,20.386999,21.886999,35.007,-.81300002,13.407,31.636999,34.126999,11.227,7.0970001,12.947,11.107,13.247,22.517,14.147,15.817,22.287001,18.017,18.566999,17.457001,13.167,9.2069998,21.237,20.237,29.027,16.216999,21.726999
6.1700001,6.2600002,1.87,5.5799999,5.1300001,10.03,-5.0500002,19.040001,5.98,4.1199999,7.9000001,6.48,8.3800001,2.1900001,7.9400001,5.9499998,-6.6399999,10.22,4.1399999,10.76,6.1399999,14.83,8.5299997,4.79,-.30000001,9.6300001,13.3,19.24,4.8899999,7.6300001,9.0900002,.31,6.9200001,7.3299999,7.0900002,5.3600001,12.69,.82999998,10.63,6.8299999,6.9299998,7.4400001,-1.24,4.27,11.54,-.47999999,-2.9300001
-11.14,7.73,19.190001,2.6900001,8.1700001,17.93,21.43,6.0500002,6.4000001,14.28,6.3499999,3.55,8.8000002,3.6900001,14.24,10.4,7.1999998,3.8199999,7.1199999,7.7600002,12.46,16.629999,15.56,12.56,9.9399996,6.98,6.73,7.1199999,1,-1.7,3.27,4.8299999,5.6500001,8.0100002,3.3199999,9.2200003,3.0599999,4.8899999,10.89,9.2600002,8.4700003,11.75,12.05,12.41,16.09,2.9400001,16.49
-38.813,-4.9229999,-2.023,-7.1030002,-7.0029998,-9.5830002,-1.863,-15.993,-6.073,-10.343,-11.513,-12.083,-14.673,-4.8330002,-13.313,-11.163,-15.233,-22.882999,-7.803,-8.5430002,-11.943,-14.513,-12.553,-7.473,-11.513,18.497,-21.452999,-24.462999,-12.983,-3.8929999,-5.9530001,-17.443001,-10.513,-6.6529999,-12.893,-5.7930002,-6.823,-6.723,-9.1029997,-5.6030002,-14.763,-2.6730001,-14.593,-11.453,-16.773001,-18.952999,-9.243
2.9059999,6.506,10.376,12.966,20.275999,10.686,23.445999,8.5059996,4.026,17.356001,3.4260001,11.166,23.506001,15.296,14.956,14.176,9.6459999,11.596,9.4960003,19.896,18.076,18.226,11.566,20.846001,-1.234,7.4260001,28.216,20.966,13.346,10.796,15.026,3.506,10.416,9.5360003,11.596,9.9259996,10.586,9.4259996,15.506,5.1459999,13.426,14.836,1.7460001,10.106,21.445999,9.1560001,8.4759998
34.116001,5.526,10.496,7.336,5.6659999,13.076,21.025999,13.086,7.3559999,13.376,9.1759996,2.1860001,16.436001,12.956,6.4860001,18.226,16.086,20.615999,18.916,21.455999,13.816,24.176001,9.6759996,17.006001,.616,5.6659999,32.835999,34.905998,18.356001,3.6960001,9.0159998,4.256,11.546,7.9559999,12.376,18.316,8.316,10.876,11.076,11.766,9.6160002,9.9659996,12.306,8.3360004,7.8060002,15.686,5.4060001
4.8309999,6.0609999,9.7609997,.361,10.911,1.291,4.3010001,5.7410002,.58099997,.84100002,7.7010002,4.1110001,8.8409996,13.031,7.9910002,9.7709999,8.5109997,9.5209999,15.981,13.601,7.7309999,.40099999,10.171,26.861,12.961,-4.8590002,-5.4790001,11.761,16.660999,5.5910001,9.0710001,13.121,8.941,3.1010001,7.4310002,10.731,8.0810003,8.5310001,4.3210001,7.4310002,.77100003,3.631,2.5409999,7.9910002,16.591,2.2309999,7.441
.81,6.9000001,12.84,5.0999999,3.22,2.96,5.04,1.11,5.3099999,12.79,1.64,8.0299997,.85000002,5.9699998,1.6,-3.3299999,-8.0500002,-6.25,3.3800001,-4.4200001,-5.52,-2.5699999,3.1400001,-6.4899998,1.1900001,-4.3099999,-8.4799995,-14.16,-4.8699999,5.0900002,2.8399999,2.97,-1.55,-4.25,.2,3.2,2.21,-.20999999,2.4200001,3.4300001,4.0999999,7.3400002,-5.3899999,1.66,-1.61,-8.79,-4.8699999
-17.540001,-4.7600002,-5.25,-4.0700002,-1.49,-16.59,-21.49,-12.23,-5.46,-6.4699998,-15.84,-7.1199999,-25.610001,-20.23,-25.99,-30.65,-30.02,-39.869999,-23.940001,-28.6,-29.610001,-35.279999,-16.07,-32.860001,-10.3,8.9200001,-40.279999,-51.220001,-20.360001,-.88999999,-14.91,-29.290001,-18.43,-5.1999998,-18.030001,-28.530001,-21.57,-24.93,-21.059999,-15.56,-5.3000002,-5.1100001,-22.92,-19.57,-36.98,-27.08,-13.34
16.940001,5.6399999,5.1300001,6.5799999,19.24,8.8100004,9.1599998,15.22,7.46,10.38,8.4099998,11.2,17.66,14.66,15.09,25,22.42,13.37,17.65,21.030001,19.719999,13.55,13.04,35.700001,12.84,-1.78,22.99,8.7799997,18.370001,10.85,11.45,19.450001,14.89,9.3500004,10.83,9.4899998,13.6,14.36,18.15,14.92,10.33,16.219999,13.79,14.39,17.9,9.5,12.08
13.8,4.3899999,13.13,4.4200001,9.9899998,19.75,22.219999,8.9399996,6.8600001,17.32,11.1,8.04,16.02,15.7,17.379999,14.83,17.370001,10.44,25.360001,14.22,12.56,18.07,9.2600002,9.9399996,10.7,-9.5799999,7.3800001,-11.55,5.1199999,.059999999,9.4899998,2.55,12.54,28.73,16.129999,22.040001,8.9200001,14.62,6.1100001,10.35,12.6,9.9499998,23.790001,13.9,23.67,20.74,9.3100004
3.8599999,-.77999997,7.3000002,6.8499999,4.1999998,-5.23,-15.88,-3.79,-6.6599998,-16.18,.79000002,4.3499999,-3.9300001,-1.98,.62,-5.1799998,1.45,-14.08,-17.34,-12.48,-9.1999998,-19.35,-4.6399999,-3.95,-1.65,-4.9200001,-7.6399999,-19.950001,-6.54,4.3000002,8.04,-9.79,-2.04,-8.54,-10.07,-8.1199999,-2.6400001,-9.79,3.75,-3.54,2.6099999,-5.3699999,-6.6300001,-4.21,-3.45,-13.24,2.51
10.19,2.8199999,-2.48,1.36,1.9,9.9499998,2.48,14.09,9.3699999,10.05,5.1900001,7.8099999,3.71,4.9200001,12.81,9.3000002,13.34,1.01,10.07,8.0699997,5.0500002,7.9299998,1.0599999,6.1500001,9.0100002,18.969999,10.55,-6.4499998,9.3000002,2.23,9.75,-2.1300001,4.5700002,10.7,-.5,6.4000001,5.5,9.8100004,-3.8299999,1.63,7.6199999,2,7.8099999,4.4299998,7.6799998,7.7600002,6.5500002
4.04,2.5899999,-3.04,-.83999997,-5.2199998,.23999999,9.0100002,2.1099999,.76999998,3.1199999,-2.3399999,-.55000001,5.3299999,5.7600002,12.51,11.61,8.3699999,9.0699997,.61000001,5.1900001,9.6800003,17.309999,7.1700001,10.44,1.3,-17.85,2.8499999,16.42,-2.02,-2.5599999,-.77999997,5.8699999,3.77,-13.96,1.45,7.1700001,5.0700002,2.6199999,6.48,6.8400002,-1.91,-.46000001,6.2800002,2.6400001,6.1199999,8.0100002,-1.53
11.28,19.709999,10.81,15.28,10.88,15.73,21.450001,4.2800002,13.93,6.73,11.67,16.34,5.4000001,17.98,23.280001,12.25,12.89,3.51,21.860001,7.2800002,8.9099998,5.25,11.72,21.42,7.6100001,-14.38,-3.8499999,-10.14,10.65,12.54,12.25,20.030001,12.99,-5.2600002,9.0799999,12.81,15.48,16.17,16.18,11.01,10.61,11.35,10.11,12.31,18.57,17.870001,13
-4.1799998,.68000001,1.16,3.1300001,-1.3099999,6.8800001,2.05,6.02,.77999997,10.84,3.6900001,3.3299999,2.6900001,-2.1900001,4.7800002,-1.1900001,-5.98,-4.9099998,14.19,.81999999,-.2,15.95,8.4799995,-2.54,12.18,-32.360001,-15.94,-29.959999,-.090000004,-1.34,4.4200001,5.2600002,4.0700002,-1.52,4.2600002,3.48,1.85,.97000003,1.67,4,5.4099998,3.99,8.8699999,9.5600004,-6.0100002,5.8800001,4.1799998
6.3000002,1.49,-4.1100001,.13,.94,1.54,20.6,11.54,3.03,6.9299998,5.5700002,9.2299995,10.87,8.8500004,16.4,9.9300003,2.5,11.69,18.48,9.7399998,14.32,15.08,12.01,16.42,17.459999,-2.5899999,9.5799999,17.84,5.0799999,1.1900001,4.5,3.1800001,9.7399998,10.86,6.7600002,9.6099997,8.0600004,6.2800002,6.9699998,9.8800001,5.5799999,4.8699999,4.1300001,6.6100001,-.38999999,6.3800001,3.23
11.65,8.1199999,10.4,7.0900002,5.3899999,15.19,14.59,14.62,8.1499996,10.31,8.7600002,9.1000004,10.09,13.7,12.6,11.87,12.39,15.98,-4.6900001,8.5,12.27,3.29,12.76,21.049999,16.780001,-16.23,10.83,14.47,8.6599998,3.3599999,9.8800001,13.84,11.83,12.51,11.33,12.18,14.54,9.2799997,13.24,12.36,9.1899996,6.9000001,12.04,9.8299999,11.39,14.95,9.2600002
-1.46,4.4499998,-3.3499999,6.0300002,-1.85,-.69999999,2.55,1.3,-.81,-2.4200001,6.1399999,6.2199998,4.5799999,-4.8600001,-1.66,.54000002,.98000002,1.21,-7.3099999,2.3099999,1.48,5.1599998,-1.4,16.02,10.31,4.4099998,-1.29,-5.5599999,1.24,8.29,-1.12,3.05,-1.4400001,.94,6.8400002,3.9200001,-.56,2.97,3.5,.37,-3.3699999,1.6,2.76,.67000002,.33000001,-1.17,-.79000002
9.6099997,5.4499998,8.8400002,7.6999998,7.98,-1.28,2.4200001,6.5500002,.81,-1.72,2.6600001,4.6599998,3.71,2.97,11.05,1.24,-.82999998,4.3899999,8.1000004,6.9899998,2.4400001,6.3200002,.87,8.1000004,-.89999998,8.3999996,7.5,5.4099998,10.89,9.3000002,6.0599999,4.79,3.9100001,14.09,6.73,3.0699999,5.29,6.0599999,7.9400001,2.47,.63999999,3.6300001,-.12,4.0900002,5.9200001,3.1300001,2.8800001
-7.8099999,-.95999998,3.1199999,3.3,3.74,-11.05,-9.9200001,-7.5,2.8499999,6.9699998,-2.77,6.3099999,-.94,-6.3400002,1.75,-7.25,-11,2.4300001,-26.709999,-8.46,-8.4200001,-10.22,-1.64,6.5799999,10.34,-14.28,-7.0599999,-22.719999,-9.1599998,-4.7600002,-.27000001,-5.7600002,-.07,6.9499998,.86000001,-2.3599999,-3.23,-10.19,2.9200001,-1.48,2.3599999,-.34,1.1799999,.11,-1.75,3.28,3.1800001
7.1599998,6.3200002,2.1199999,3.21,3.77,4.5500002,-6.1599998,7.1100001,7.8699999,9.6099997,15.51,6.73,2.3499999,11.93,9.4700003,7.79,3.25,-4.1999998,-13.03,.99000001,2.72,8.54,6.79,-11.15,5.5599999,-16.09,-15.68,-18.51,-13.4,8.8599997,2.4300001,10.79,8.6999998,8.9099998,6.0900002,7.3600001,13.2,14.32,14.25,7.4299998,14.42,6.8400002,7.3099999,9.0200005,8.8800001,7.9499998,5.0700002
